onset	duration	eye	startTime	stopTime	xStart	yStart	xEnd	yEnd	ampDeg	vPeak
0.386	0.024	L	1995458	1995480	1099.1	615.0	984.1	608.6	2.11	133
0.386	0.026	R	1995458	1995482	1112.8	635.9	985.4	633.1	2.33	145
6.858	0.056	L	2001930	2001984	972.0	574.6	418.0	529.7	9.57	291
6.86	0.056	R	2001932	2001986	969.6	581.8	433.9	543.4	9.24	269
7.146	0.03	R	2002218	2002246	418.0	553.2	259.0	547.9	2.69	129
7.146	0.03	L	2002218	2002246	426.8	566.0	225.8	558.6	3.40	159
7.984	0.02	L	2003056	2003074	252.7	595.7	308.0	609.0	0.96	65
8.164	0.046	R	2003236	2003280	311.6	565.9	798.6	570.0	8.39	278
8.164	0.05	L	2003236	2003284	320.3	594.1	812.2	579.3	8.48	238
8.35	0.04	L	2003422	2003460	826.4	591.9	379.0	613.4	7.74	323
8.348	0.044	R	2003420	2003462	802.3	582.5	354.0	574.4	7.74	297
8.754	0.05	R	2003826	2003874	345.7	583.8	957.2	569.8	10.56	335
8.754	0.052	L	2003826	2003876	392.6	627.6	993.4	591.5	10.39	294
12.782	0.026	L	2007854	2007878	946.5	569.0	855.3	521.5	1.79	95
12.784	0.026	R	2007856	2007880	966.6	566.9	897.1	518.5	1.47	70
15.034	0.034	L	2010106	2010138	935.9	576.7	629.2	570.8	5.30	257
15.034	0.034	R	2010106	2010138	963.6	558.7	659.6	562.5	5.26	259
16.29	0.018	L	2011362	2011378	670.6	588.6	728.5	572.5	1.04	77
16.288	0.026	R	2011360	2011384	664.4	567.6	778.1	548.7	1.98	104
16.538	0.022	L	2011610	2011630	878.6	586.2	986.7	576.0	1.88	127
16.536	0.024	R	2011608	2011630	895.8	560.9	1013.6	555.0	2.05	134
16.686	0.018	R	2011758	2011774	1025.5	539.3	1080.2	543.7	0.95	79
17.028	0.02	L	2012100	2012118	1044.2	595.3	984.6	596.5	1.04	76
17.028	0.02	R	2012100	2012118	1045.6	577.9	972.3	576.9	1.28	88
17.642	0.054	L	2012714	2012766	980.0	592.1	1504.2	416.1	9.55	241
17.64	0.056	R	2012712	2012766	977.1	574.5	1566.5	396.5	10.63	292
17.824	0.048	L	2012896	2012942	1509.1	413.2	1012.4	534.0	8.84	268
17.824	0.048	R	2012896	2012942	1545.5	400.2	1022.0	505.4	9.24	275
17.984	0.02	L	2013056	2013074	1017.4	546.6	978.3	590.5	1.04	80
17.984	0.02	R	2013056	2013074	1009.2	525.8	961.7	569.9	1.14	85
23.422	0.052	R	2018494	2018544	977.6	599.8	1573.5	591.8	10.39	312
23.424	0.052	L	2018496	2018546	981.2	584.0	1486.2	577.7	8.80	260
24.072	0.018	L	2019144	2019160	1758.9	621.8	1824.5	615.0	1.11	83
23.642	0.614	R	2018714	2019326	1594.9	582.0	1740.8	547.8	2.58	128
24.576	0.074	L	2019648	2019720	1810.4	653.4	997.0	564.6	13.93	278
24.394	0.526	R	2019466	2019990	.	.	1145.0	496.6	2.4e+006	238
26.148	0.068	L	2021220	2021286	1008.1	613.9	1716.8	544.8	12.21	246
26.148	0.068	R	2021220	2021286	987.0	602.6	1742.3	536.9	13.00	250
26.366	0.054	L	2021438	2021490	1731.8	541.9	950.3	580.4	13.39	417
26.366	0.054	R	2021438	2021490	1756.8	545.9	973.3	570.4	13.41	387
26.582	0.018	R	2021654	2021670	950.4	575.6	999.5	581.0	0.86	73
27.106	0.06	R	2022178	2022236	962.0	581.3	1730.6	469.8	13.29	350
27.108	0.06	L	2022180	2022238	980.6	578.4	1640.6	476.4	11.42	280
27.314	0.046	L	2022386	2022430	1579.5	457.2	986.7	588.2	10.45	374
27.316	0.046	R	2022388	2022432	1591.3	453.2	987.8	586.4	10.65	366
28.288	0.022	L	2023360	2023380	961.7	573.9	887.5	569.0	1.29	87
28.288	0.022	R	2023360	2023380	941.2	585.4	863.2	580.1	1.36	98
28.422	0.022	R	2023494	2023514	873.5	577.8	958.6	575.0	1.48	109
28.424	0.022	L	2023496	2023516	901.1	557.7	983.8	563.7	1.44	107
30.552	0.016	L	2025624	2025638	911.1	534.4	877.3	558.9	0.73	60
30.554	0.018	R	2025626	2025642	933.5	531.5	884.7	563.9	1.02	83
30.748	0.018	L	2025820	2025836	895.5	575.1	942.7	575.9	0.82	61
30.75	0.016	R	2025822	2025836	909.1	573.9	948.5	573.4	0.68	57
31.724	0.05	L	2026796	2026844	968.5	567.6	381.4	533.0	9.96	307
31.726	0.05	R	2026798	2026846	936.7	555.9	368.9	530.7	9.63	293
32.902	0.044	R	2027974	2028016	435.2	546.1	918.7	565.0	8.20	271
32.904	0.044	L	2027976	2028018	449.7	554.4	905.2	573.9	7.73	243
33.308	0.056	L	2028380	2028434	914.7	561.2	295.2	584.3	10.44	280
33.308	0.056	R	2028380	2028434	914.8	570.7	294.1	584.7	10.45	283
33.546	0.018	L	2028618	2028634	272.2	586.9	228.5	561.9	0.83	63
34.076	0.05	R	2029148	2029196	238.9	552.9	941.7	554.7	11.78	385
34.076	0.052	L	2029148	2029198	209.7	555.1	889.2	555.1	11.39	334
34.254	0.016	R	2029326	2029340	935.0	559.5	974.0	563.6	0.68	60
34.254	0.018	L	2029326	2029342	948.7	554.3	994.3	559.2	0.79	63
36.104	0.034	R	2031176	2031208	967.3	573.6	1307.8	559.4	5.92	282
36.104	0.036	L	2031176	2031210	957.3	568.4	1259.4	562.4	5.25	230
37.984	0.022	L	2033056	2033076	1049.5	566.0	959.0	559.5	1.57	99
37.984	0.024	R	2033056	2033078	1081.1	561.9	966.8	548.6	1.99	124
38.822	0.018	L	2033894	2033910	949.8	570.9	905.9	567.8	0.76	55
38.962	0.062	L	2034034	2034094	913.2	576.7	370.7	549.2	9.17	208
38.962	0.062	R	2034034	2034094	926.6	564.5	381.3	548.2	9.21	210
39.204	0.074	L	2034276	2034348	374.9	557.0	858.1	555.6	8.16	148
39.202	0.076	R	2034274	2034348	399.8	562.3	900.6	535.8	8.47	146
39.382	0.018	R	2034454	2034470	920.2	534.6	974.8	545.2	0.96	78
39.384	0.02	L	2034456	2034474	907.0	548.8	962.7	574.7	1.06	81
44.378	0.062	L	2039450	2039510	947.3	549.6	359.6	622.3	10.01	249
44.382	0.058	R	2039454	2039510	975.4	563.4	398.2	645.2	9.85	265
45.49	0.022	R	2040562	2040582	350.0	640.9	421.0	628.4	1.20	73
45.49	0.022	L	2040562	2040582	345.4	618.6	424.4	606.9	1.33	82
45.708	0.02	R	2040780	2040798	435.8	624.3	373.6	628.3	1.04	77
45.71	0.02	L	2040782	2040800	396.6	605.9	325.0	581.8	1.26	93
45.772	0.076	L	2040844	2040918	398.6	563.3	1098.2	602.7	11.93	240
45.776	0.072	R	2040848	2040918	477.2	544.2	1133.0	579.1	11.19	229
46.034	0.024	L	2041106	2041128	1115.8	597.8	998.0	584.9	2.05	132
46.034	0.024	R	2041106	2041128	1146.7	584.4	1024.3	576.2	2.12	140
46.534	0.056	R	2041606	2041660	926.8	570.9	319.3	570.5	10.25	278
46.532	0.058	L	2041604	2041660	947.2	588.4	305.8	590.0	10.83	295
46.756	0.02	R	2041828	2041846	302.9	575.3	231.1	571.3	1.18	82
46.754	0.024	L	2041826	2041848	291.3	597.3	183.9	588.3	1.76	114
46.946	0.024	L	2042018	2042040	170.6	589.6	112.1	528.2	1.40	80
46.95	0.022	R	2042022	2042042	213.2	560.4	193.6	502.2	1.03	57
47.228	0.054	R	2042300	2042352	207.5	451.5	872.0	487.4	11.10	307
47.224	0.06	L	2042296	2042354	112.2	465.4	792.3	517.7	11.37	286
47.396	0.022	L	2042468	2042488	846.2	531.7	941.6	564.4	1.75	120
47.394	0.026	R	2042466	2042490	850.8	493.2	954.2	543.8	1.99	129
48.792	0.062	L	2043864	2043924	963.7	570.7	261.5	564.5	11.87	318
48.792	0.062	R	2043864	2043924	982.9	576.0	300.0	561.2	11.55	297
48.92	0.024	L	2043992	2044014	192.3	537.2	121.2	486.4	1.44	95
50.53	0.046	L	2045602	2045646	270.3	434.9	726.6	482.4	7.73	246
50.53	0.048	R	2045602	2045648	295.5	415.2	818.7	439.7	8.83	314
50.608	0.016	R	2045680	2045694	818.6	490.0	856.4	524.8	0.89	73
50.762	0.02	R	2045834	2045852	888.9	561.1	966.9	554.3	1.36	98
50.762	0.022	L	2045834	2045854	875.8	571.5	963.8	571.1	1.52	102
52.936	0.034	L	2048008	2048040	961.0	577.1	673.9	572.7	4.92	220
52.936	0.034	R	2048008	2048040	989.5	557.7	692.1	550.6	5.10	231
54.076	0.028	L	2049148	2049174	684.8	576.0	864.8	588.5	3.08	159
54.076	0.028	R	2049148	2049174	682.3	534.0	880.8	539.0	3.39	185
54.314	0.02	R	2049386	2049404	897.6	552.1	967.7	542.2	1.22	86
54.314	0.022	L	2049386	2049406	878.2	586.8	966.2	583.5	1.51	105
55.348	0.034	L	2050420	2050452	967.0	575.8	1164.7	526.9	3.50	133
55.348	0.036	R	2050420	2050454	983.2	566.4	1239.6	503.5	4.53	182
55.5	0.028	L	2050572	2050598	1200.1	518.4	998.3	543.2	3.49	193
55.502	0.026	R	2050574	2050598	1234.9	503.5	1039.4	531.9	3.39	211
57.212	0.044	L	2052284	2052326	923.2	567.5	434.1	527.7	8.26	295
57.214	0.046	R	2052286	2052330	969.4	537.3	444.9	517.4	8.83	292
57.366	0.018	L	2052438	2052454	412.9	545.4	366.9	550.0	0.76	66
57.366	0.018	R	2052438	2052454	443.1	519.9	385.5	533.4	0.98	79
58.892	0.02	R	2053964	2053982	948.9	549.8	939.0	478.5	1.24	85
59.242	0.018	L	2054314	2054330	910.0	592.5	960.1	597.7	0.86	66
64.224	0.018	R	2059296	2059312	993.1	550.8	943.7	541.5	0.86	69
64.226	0.016	L	2059298	2059312	931.7	552.7	892.0	556.5	0.68	56
65.438	0.032	L	2060510	2060540	965.4	538.6	699.8	541.7	4.54	227
65.44	0.03	R	2060512	2060540	983.3	527.1	723.0	529.9	4.45	246
65.602	0.04	R	2060674	2060712	725.4	521.8	1252.9	497.1	9.02	384
65.602	0.042	L	2060674	2060714	711.4	549.0	1167.6	519.0	7.81	306
65.816	0.044	R	2060888	2060930	1251.6	498.5	1773.8	456.7	8.87	350
65.818	0.042	L	2060890	2060930	1205.3	518.0	1683.5	453.9	8.17	302
69.95	0.048	R	2065022	2065068	942.1	579.8	1621.9	559.1	11.73	392
69.95	0.05	L	2065022	2065070	932.2	574.5	1564.2	556.9	10.90	342
71.094	0.07	L	2066166	2066234	964.3	602.4	1001.6	712.4	2.06	140
71.43	0.018	L	2066502	2066518	960.9	602.6	934.4	565.9	0.80	61
71.432	0.02	R	2066504	2066522	970.2	605.9	950.1	563.3	0.84	54
72.384	0.062	R	2067456	2067516	1004.2	555.0	960.1	539.7	0.82	391
72.37	0.092	L	2067442	2067532	969.5	623.0	953.1	622.3	0.29	2065
73.734	0.084	R	2068806	2068888	980.8	581.1	968.7	552.6	0.55	415
73.718	0.118	L	2068790	2068906	955.5	596.3	956.7	636.2	0.71	1360
74.222	0.05	L	2069294	2069342	941.1	586.2	379.0	558.1	9.70	312
74.224	0.048	R	2069296	2069342	964.5	580.5	395.4	568.2	9.81	307
75.922	0.016	L	2070994	2071008	905.4	591.1	942.9	596.6	0.66	55
75.92	0.018	R	2070992	2071008	906.2	567.8	955.1	564.6	0.86	67
76.104	0.02	L	2071176	2071194	953.8	593.2	1021.0	595.5	1.18	84
76.104	0.022	R	2071176	2071196	960.3	565.2	1038.4	564.5	1.37	91
76.264	0.022	L	2071336	2071356	1028.3	601.5	956.7	599.8	1.26	88
76.266	0.02	R	2071338	2071356	1019.0	569.5	955.1	574.4	1.12	85
76.92	0.02	L	2071992	2072010	961.1	595.8	1022.9	581.7	1.11	75
76.92	0.022	R	2071992	2072012	967.5	565.2	1052.8	546.4	1.53	99
77.11	0.02	L	2072182	2072200	1024.3	585.1	947.8	584.0	1.34	100
77.11	0.02	R	2072182	2072200	1038.2	555.1	966.0	559.6	1.27	95
78.598	0.05	L	2073670	2073718	937.1	584.3	441.1	589.7	8.53	276
78.6	0.05	R	2073672	2073720	963.1	574.8	462.2	590.2	8.61	268
78.742	0.028	L	2073814	2073840	397.1	589.7	229.8	549.0	2.87	158
78.744	0.026	R	2073816	2073840	399.5	579.5	270.1	560.3	2.18	122
79.268	0.016	L	2074340	2074354	275.9	572.3	314.2	581.1	0.65	58
79.268	0.016	R	2074340	2074354	296.4	571.1	337.5	582.3	0.71	64
79.6	0.048	R	2074672	2074718	327.4	567.0	857.9	569.0	9.02	303
79.602	0.05	L	2074674	2074722	321.3	589.7	829.5	605.1	8.65	271
79.848	0.024	L	2074920	2074942	852.5	614.2	964.9	645.0	2.04	126
79.848	0.026	R	2074920	2074944	880.3	580.1	1019.3	595.8	2.44	147
79.928	0.102	R	2075000	2075100	1119.7	558.7	964.9	496.3	2.91	451
79.902	0.14	L	2074974	2075112	1020.5	687.2	949.4	655.8	1.36	1979
82.812	0.036	L	2077884	2077918	921.8	578.8	618.8	563.7	5.23	227
82.814	0.036	R	2077886	2077920	971.7	572.4	656.3	556.9	5.44	232
84.084	0.02	R	2079156	2079174	711.7	538.9	726.2	475.3	1.14	69
84.168	0.02	R	2079240	2079258	756.7	478.0	757.3	543.4	1.14	80
84.362	0.028	R	2079434	2079460	747.7	562.2	928.6	556.7	3.12	156
84.364	0.03	L	2079436	2079464	729.2	587.9	885.1	587.7	2.69	109
84.562	0.024	L	2079634	2079656	889.4	579.6	979.6	582.9	1.57	90
84.562	0.024	R	2079634	2079656	945.4	556.2	1043.2	558.3	1.70	97
84.88	0.02	L	2079952	2079970	1026.7	572.8	947.5	577.0	1.38	102
84.882	0.022	R	2079954	2079974	1066.6	551.6	975.1	559.7	1.59	122
91.194	0.03	R	2086266	2086294	983.6	558.0	1259.0	522.4	4.83	261
91.192	0.036	L	2086264	2086298	933.6	570.9	1208.3	558.2	4.78	206
92.336	0.044	L	2087408	2087450	1257.9	552.4	983.0	542.4	4.79	163
92.338	0.044	R	2087410	2087452	1291.9	548.5	1022.7	546.7	4.69	176
99.524	0.054	L	2094596	2094648	954.7	548.0	1559.1	520.4	10.35	271
99.524	0.054	R	2094596	2094648	958.7	543.1	1607.8	522.7	11.11	306
126.858	0.022	L	2121930	2121950	960.8	565.5	880.5	586.1	1.50	100
126.86	0.022	R	2121932	2121952	954.8	563.4	872.4	589.7	1.56	108
127.116	0.022	R	2122188	2122208	885.4	584.1	976.5	588.6	1.63	118
127.118	0.022	L	2122190	2122210	896.5	576.3	979.9	587.2	1.50	99
127.426	0.018	L	2122498	2122514	979.6	660.2	1014.7	716.5	1.18	81
129.446	0.05	R	2124518	2124566	949.3	542.3	1573.8	490.0	10.66	337
129.448	0.052	L	2124520	2124570	950.2	566.4	1499.3	494.1	9.42	268
131.064	0.05	L	2126136	2126184	1530.9	459.4	939.4	500.8	10.11	301
131.066	0.052	R	2126138	2126188	1589.9	495.3	963.7	501.9	10.68	302
137.056	0.052	R	2132128	2132178	971.1	544.0	1630.8	530.6	11.22	324
137.056	0.056	L	2132128	2132182	954.1	557.4	1572.7	515.9	10.54	284
138.402	0.042	L	2133474	2133514	1565.0	504.3	1197.5	522.1	6.28	230
138.402	0.044	R	2133474	2133516	1609.8	547.6	1221.0	528.1	6.65	230
138.558	0.028	L	2133630	2133656	1131.9	527.7	966.1	546.1	2.88	157
138.558	0.028	R	2133630	2133656	1178.0	523.0	998.1	531.6	3.11	175
144.686	0.03	R	2139758	2139786	1003.0	531.3	1238.5	534.6	4.04	208
144.684	0.032	L	2139756	2139786	952.7	530.9	1177.0	527.7	3.85	177
144.832	0.02	L	2139904	2139922	1200.1	516.8	1253.2	526.0	0.92	70
144.834	0.018	R	2139906	2139922	1247.8	540.7	1303.2	545.3	0.95	75
146.162	0.034	L	2141234	2141266	1245.9	517.7	1054.7	525.2	3.28	127
146.162	0.038	R	2141234	2141270	1280.2	528.2	1050.4	532.3	3.94	145
146.302	0.016	R	2141374	2141388	1027.1	530.9	982.6	541.5	0.79	68
148.514	0.056	R	2143586	2143640	967.7	543.6	330.8	523.7	10.70	297
148.512	0.062	L	2143584	2143644	978.3	565.3	282.3	541.0	11.69	308
150.234	0.028	L	2145306	2145332	238.4	525.0	253.1	405.8	2.04	100
150.236	0.026	R	2145308	2145332	275.0	495.6	298.1	388.5	1.86	88
150.382	0.048	R	2145454	2145500	319.7	344.1	943.5	518.2	10.89	383
150.382	0.05	L	2145454	2145502	293.0	375.1	881.3	544.0	10.30	334
152.14	0.07	L	2147212	2147280	931.9	554.8	281.4	390.5	11.29	246
152.142	0.07	R	2147214	2147282	959.6	553.3	324.3	394.5	11.02	239
153.91	0.058	R	2148982	2149038	238.2	352.2	958.1	530.0	12.46	335
153.908	0.062	L	2148980	2149040	197.9	367.7	903.8	543.1	12.22	294
159.86	0.06	R	2154932	2154990	990.9	553.6	1792.8	478.5	13.70	359
159.862	0.06	L	2154934	2154992	961.2	554.5	1694.8	474.9	12.54	318
162.14	0.054	L	2157212	2157264	1677.2	472.1	1008.8	511.6	11.45	323
162.142	0.056	R	2157214	2157268	1716.5	508.0	1035.7	530.9	11.64	322
162.278	0.02	L	2157350	2157368	998.2	519.1	934.1	538.1	1.16	89
162.278	0.022	R	2157350	2157370	1020.4	537.6	937.4	556.4	1.48	103
163.566	0.062	R	2158638	2158698	965.2	560.5	305.7	510.5	11.16	277
163.564	0.066	L	2158636	2158700	930.3	559.6	242.1	504.7	11.64	274
164.932	0.046	R	2160004	2160048	295.4	519.8	856.7	557.2	9.50	335
164.932	0.048	L	2160004	2160050	275.2	521.0	803.8	582.1	8.98	296
165.072	0.022	R	2160144	2160164	881.7	557.4	990.3	570.7	1.90	136
165.072	0.024	L	2160144	2160166	860.4	574.1	967.6	578.0	1.86	126
166.66	0.018	R	2161732	2161748	964.6	560.4	922.0	558.9	0.74	62
171.268	0.052	R	2166340	2166390	973.2	542.8	507.4	543.5	8.00	250
171.268	0.054	L	2166340	2166392	964.6	565.8	482.9	576.9	8.27	257
171.5	0.028	L	2166572	2166598	488.1	586.6	311.5	555.6	3.01	160
171.5	0.028	R	2166572	2166598	479.6	561.3	329.8	549.3	2.52	135
172.854	0.048	R	2167926	2167972	346.3	530.9	906.1	518.2	9.56	312
172.854	0.05	L	2167926	2167974	326.5	572.9	857.6	561.0	9.07	263
173.014	0.02	R	2168086	2168104	905.0	514.0	968.3	535.0	1.17	89
173.014	0.022	L	2168086	2168106	887.5	551.5	951.7	566.2	1.15	84
178.986	0.044	R	2174058	2174100	962.5	537.4	1409.4	509.9	7.73	268
178.988	0.042	L	2174060	2174100	946.4	555.2	1328.1	532.1	6.60	222
180.742	0.056	L	2175814	2175868	1334.6	508.6	958.9	543.7	6.51	153
180.742	0.056	R	2175814	2175868	1378.7	529.6	983.0	539.0	6.82	174
181.25	0.02	R	2176322	2176340	981.2	543.4	983.6	486.1	1.00	60
182.656	0.044	R	2177728	2177770	951.9	544.4	1441.4	504.2	8.41	299
182.658	0.044	L	2177730	2177772	940.2	578.4	1358.8	526.3	7.22	230
182.96	0.034	R	2178032	2178064	1436.4	509.7	1705.8	519.4	4.54	217
182.962	0.036	L	2178034	2178068	1392.3	512.4	1656.6	511.1	4.45	177
184.112	0.052	L	2179184	2179234	1661.9	509.2	969.2	551.4	11.74	352
184.112	0.052	R	2179184	2179234	1703.4	534.8	990.9	539.6	12.06	356
190.352	0.052	L	2185424	2185474	934.5	528.6	435.6	513.0	8.45	242
190.354	0.05	R	2185426	2185474	951.5	539.7	456.6	535.3	8.37	263
190.576	0.024	R	2185648	2185670	412.6	527.0	306.2	520.3	1.76	108
190.576	0.026	L	2185648	2185672	412.1	521.1	278.6	510.6	2.20	128
192.136	0.07	R	2187208	2187276	361.9	496.2	816.8	464.7	7.61	162
192.136	0.072	L	2187208	2187278	355.1	519.6	778.6	534.3	7.07	157
192.32	0.024	R	2187392	2187414	858.3	486.6	957.2	510.8	1.74	107
192.324	0.022	L	2187396	2187416	867.8	525.5	945.2	531.1	1.32	90
198.006	0.048	L	2193078	2193124	901.1	494.0	382.5	517.1	8.67	284
198.008	0.046	R	2193080	2193124	913.6	480.0	381.9	506.5	8.90	294
199.92	0.02	L	2194992	2195010	410.7	510.4	475.1	511.4	1.06	75
199.918	0.022	R	2194990	2195010	421.1	473.2	489.1	482.8	1.13	66
199.966	0.038	R	2195038	2195074	515.4	485.1	910.4	501.9	6.63	278
199.968	0.038	L	2195040	2195076	510.8	508.5	875.2	536.3	6.13	244
200.108	0.016	L	2195180	2195194	906.7	536.1	944.3	530.7	0.65	55
201.61	0.036	L	2196682	2196716	933.9	542.7	625.5	533.7	5.22	217
201.61	0.038	R	2196682	2196718	962.8	523.4	614.9	518.8	5.88	244
203.494	0.028	L	2198566	2198592	649.1	541.5	822.1	541.3	2.92	156
203.494	0.03	R	2198566	2198594	670.4	515.2	881.1	504.1	3.56	175
204.898	0.018	R	2199970	2199986	954.5	487.3	909.5	487.9	0.76	61
204.9	0.018	L	2199972	2199988	932.0	509.3	882.7	523.5	0.87	70
205.184	0.018	R	2200256	2200272	922.0	495.1	974.5	489.2	0.90	64
205.326	0.05	L	2200398	2200446	956.8	517.3	374.0	515.9	9.69	296
205.326	0.05	R	2200398	2200446	966.6	500.7	376.7	439.9	9.86	302
206.772	0.052	R	2201844	2201894	387.1	475.8	1013.7	487.8	10.50	284
206.774	0.052	L	2201846	2201896	401.3	533.1	938.5	534.0	9.00	251
207.646	0.022	L	2202718	2202738	956.1	555.8	877.5	543.1	1.37	88
207.648	0.02	R	2202720	2202738	943.2	528.1	881.5	521.6	1.06	82
209.038	0.05	R	2204110	2204158	926.2	508.2	1608.6	521.1	11.60	374
209.04	0.05	L	2204112	2204160	949.2	549.3	1556.6	507.5	10.34	320
210.352	0.042	L	2205424	2205464	1598.2	502.0	1287.1	493.8	5.29	195
210.352	0.042	R	2205424	2205464	1608.2	520.5	1302.6	496.5	5.21	198
210.494	0.036	L	2205566	2205600	1272.7	503.6	981.8	540.1	5.04	212
210.496	0.034	R	2205568	2205600	1275.9	500.2	982.7	515.2	5.05	230
210.664	0.016	L	2205736	2205750	972.8	555.6	929.5	546.2	0.76	69
216.704	0.048	R	2211776	2211822	930.3	554.3	1561.4	523.8	10.93	332
216.702	0.054	L	2211774	2211826	939.8	553.5	1551.4	529.5	10.59	284
216.866	0.016	R	2211938	2211952	1558.7	524.0	1594.7	541.2	0.68	58
218.038	0.058	L	2213110	2213166	1594.8	540.7	985.9	550.0	10.51	255
218.04	0.058	R	2213112	2213168	1605.2	529.5	959.6	520.6	11.14	267
224.428	0.056	R	2219500	2219554	954.8	545.6	1612.7	483.9	11.39	305
224.43	0.054	L	2219502	2219554	947.0	541.1	1499.7	496.9	9.56	246
225.982	0.058	L	2221054	2221110	1643.1	496.8	940.4	544.2	12.06	313
225.982	0.06	R	2221054	2221112	1696.6	522.3	971.0	551.7	12.44	318
226.202	0.198	R	2221274	2221470	960.8	550.8	817.4	417.8	3.39	1424
226.188	0.228	L	2221260	2221486	955.3	568.3	750.1	491.6	3.80	1442
226.524	0.024	L	2221596	2221618	767.8	464.5	897.1	521.2	2.45	166
226.524	0.024	R	2221596	2221618	801.0	479.5	924.1	523.4	2.26	154
228.138	0.044	L	2223210	2223252	940.2	539.2	512.5	538.6	7.32	268
228.138	0.046	R	2223210	2223254	941.0	534.7	521.6	529.4	7.18	250
228.316	0.028	R	2223388	2223414	505.3	534.2	294.8	553.2	3.52	196
228.316	0.03	L	2223388	2223416	502.1	548.6	258.4	539.1	4.06	212
229.81	0.052	R	2224882	2224932	295.5	518.2	916.8	525.9	10.48	316
229.808	0.054	L	2224880	2224932	272.5	521.9	869.4	539.7	10.07	284
229.978	0.018	L	2225050	2225066	905.8	538.0	950.0	539.7	0.77	61
231.7	0.038	L	2226772	2226808	931.9	540.0	1246.5	550.3	5.44	208
231.7	0.038	R	2226772	2226808	946.5	534.2	1281.1	538.5	5.78	227
233.162	0.024	L	2228234	2228256	1243.4	529.7	1125.2	532.9	2.05	126
233.164	0.024	R	2228236	2228258	1285.6	530.8	1174.1	527.2	1.93	114
233.29	0.234	R	2228362	2228594	1139.2	526.4	956.2	556.3	3.22	2142
233.288	0.238	L	2228360	2228596	1096.7	553.4	894.7	608.7	3.64	1571
235.47	0.068	R	2230542	2230608	951.7	545.1	1777.8	489.2	14.12	334
235.47	0.07	L	2230542	2230610	913.5	545.7	1674.0	454.9	13.06	285
236.004	0.018	R	2231076	2231092	1767.5	499.0	1808.3	486.2	0.72	59
236.958	0.058	L	2232030	2232086	1716.1	449.6	910.9	527.9	13.80	345
236.958	0.06	R	2232030	2232088	1782.3	476.0	959.3	529.8	14.06	349
239.126	0.05	R	2234198	2234246	950.2	528.3	1612.9	525.2	11.43	362
239.128	0.05	L	2234200	2234248	944.0	545.3	1557.5	532.9	10.57	320
240.534	0.054	L	2235606	2235658	1588.3	540.5	969.0	551.5	10.65	288
240.534	0.054	R	2235606	2235658	1598.2	524.7	959.7	533.9	10.98	309
246.862	0.048	R	2241934	2241980	955.6	551.3	508.4	538.2	7.65	248
246.864	0.048	L	2241936	2241982	928.4	541.3	487.6	543.9	7.54	247
247.096	0.028	R	2242168	2242194	481.4	541.2	301.5	543.6	2.99	150
247.096	0.032	L	2242168	2242198	466.0	536.5	254.7	528.7	3.51	150
248.604	0.048	R	2243676	2243722	272.9	498.4	851.7	532.5	9.75	336
248.604	0.05	L	2243676	2243724	236.8	517.4	789.7	568.3	9.33	294
248.762	0.02	R	2243834	2243852	862.5	536.4	937.0	530.4	1.29	99
248.764	0.02	L	2243836	2243854	858.2	561.8	928.1	559.6	1.21	87
250.426	0.026	L	2245498	2245522	948.4	544.5	813.1	543.6	2.34	127
250.428	0.026	R	2245500	2245524	948.9	520.0	812.2	523.4	2.36	125
250.562	0.024	L	2245634	2245656	795.2	550.9	670.9	563.7	2.14	141
250.564	0.024	R	2245636	2245658	787.3	523.6	652.2	530.5	2.32	158
251.85	0.036	L	2246922	2246956	638.9	557.6	926.6	560.4	4.95	197
251.85	0.036	R	2246922	2246956	648.7	527.8	966.6	534.6	5.47	231
258.268	0.04	R	2253340	2253378	970.2	559.5	1385.8	533.1	7.26	301
258.268	0.042	L	2253340	2253380	958.8	569.7	1354.5	540.0	6.92	241
258.712	0.018	L	2253784	2253800	1331.0	573.0	1375.2	564.9	0.78	61
258.712	0.018	R	2253784	2253800	1351.9	552.3	1406.5	552.2	0.95	75
258.806	0.024	L	2253878	2253900	1374.6	574.0	1495.9	578.2	2.10	128
258.806	0.024	R	2253878	2253900	1389.8	549.5	1510.0	552.3	2.08	140
259.772	0.064	L	2254844	2254906	1588.5	546.8	992.6	571.6	10.34	250
259.772	0.066	R	2254844	2254908	1595.2	525.7	973.1	543.8	10.79	241
265.806	0.03	R	2260878	2260906	956.6	575.2	1196.1	560.9	4.18	221
265.806	0.034	L	2260878	2260910	945.8	562.8	1185.1	559.6	4.17	184
265.942	0.018	R	2261014	2261030	1234.0	555.4	1295.3	558.3	1.07	86
265.942	0.02	L	2261014	2261032	1206.0	557.2	1283.2	555.5	1.34	103
267.27	0.044	L	2262342	2262384	1288.7	547.6	918.7	539.1	6.43	221
267.27	0.044	R	2262342	2262384	1286.0	525.0	914.2	545.0	6.47	225
269.968	0.016	R	2265040	2265054	937.9	529.2	896.7	537.1	0.73	61
273.576	0.046	R	2268648	2268692	964.9	579.1	1491.4	537.5	9.02	299
273.576	0.048	L	2268648	2268694	944.1	584.9	1447.0	552.2	8.61	256
273.794	0.068	L	2268866	2268932	1443.0	539.9	424.2	496.8	17.15	423
273.794	0.072	R	2268866	2268936	1472.7	542.2	450.3	500.8	17.20	389
274.028	0.026	R	2269100	2269124	440.3	496.9	284.5	528.2	2.64	154
274.028	0.028	L	2269100	2269126	430.5	504.7	246.9	523.5	3.06	179
274.66	0.016	R	2269732	2269746	276.5	526.8	238.3	521.1	0.64	54
274.658	0.02	L	2269730	2269748	257.3	556.7	200.6	531.2	1.04	72
275.576	0.056	L	2270648	2270702	235.8	516.7	878.9	592.6	11.20	276
275.576	0.056	R	2270648	2270702	269.2	506.1	932.1	562.4	11.50	309
277.094	0.018	L	2272166	2272182	925.5	608.3	894.3	588.8	0.66	49
277.364	0.018	L	2272436	2272452	894.6	567.4	941.3	571.6	0.84	69
277.364	0.018	R	2272436	2272452	913.4	557.5	966.4	558.4	0.94	80
280.73	0.122	R	2275802	2275922	964.8	563.7	978.4	549.1	0.36	1046
280.728	0.132	L	2275800	2275930	945.6	639.0	957.9	653.4	0.34	1866
281.222	0.032	L	2276294	2276324	932.6	607.0	672.3	584.5	4.62	232
281.222	0.032	R	2276294	2276324	974.1	573.8	701.0	571.2	4.83	251
281.4	0.016	R	2276472	2276486	681.8	562.6	639.4	568.6	0.75	65
282.666	0.024	L	2277738	2277760	652.3	601.9	750.4	600.8	1.73	105
282.666	0.024	R	2277738	2277760	676.8	578.3	777.6	575.1	1.78	114
282.81	0.028	L	2277882	2277908	775.7	600.6	907.8	619.9	2.37	121
282.81	0.028	R	2277882	2277908	783.6	577.2	931.5	584.7	2.63	134
285.042	0.046	L	2280114	2280158	955.6	594.8	521.2	588.7	7.62	275
285.042	0.046	R	2280114	2280158	957.5	574.6	539.0	571.5	7.34	259
285.246	0.028	L	2280318	2280344	489.4	591.5	281.1	567.3	3.59	196
285.246	0.028	R	2280318	2280344	496.5	563.7	317.6	576.3	3.07	167
286.45	0.056	R	2281522	2281576	277.8	556.5	1038.7	501.0	13.20	351
286.45	0.06	L	2281522	2281580	242.8	585.7	928.6	564.4	11.87	289
292.558	0.042	L	2287630	2287670	937.0	583.3	659.8	569.1	4.88	182
292.56	0.04	R	2287632	2287670	960.7	568.8	670.0	562.7	5.11	197
293.988	0.028	L	2289060	2289086	645.1	577.5	807.2	575.4	2.84	153
293.986	0.03	R	2289058	2289086	638.9	556.8	822.1	548.7	3.21	157
294.126	0.022	L	2289198	2289218	838.1	578.4	921.4	583.6	1.47	101
294.124	0.024	R	2289196	2289218	842.9	546.6	930.1	547.3	1.54	99
296.324	0.05	L	2291396	2291444	932.5	575.9	366.7	550.2	9.83	302
296.326	0.048	R	2291398	2291444	950.4	570.6	394.4	558.9	9.66	321
297.836	0.048	R	2292908	2292954	403.7	552.1	984.5	555.3	10.06	315
297.838	0.048	L	2292910	2292956	387.7	576.8	924.7	593.8	9.31	276
303.978	0.048	R	2299050	2299096	928.3	535.9	426.4	541.1	8.68	281
303.978	0.052	L	2299050	2299100	923.2	552.8	399.6	529.8	9.05	279
305.48	0.046	L	2300552	2300596	389.7	544.5	873.3	559.2	8.35	252
305.48	0.046	R	2300552	2300596	404.5	545.6	909.6	551.5	8.72	288
307.716	0.044	R	2302788	2302830	960.4	557.8	1437.9	526.6	8.34	294
307.716	0.046	L	2302788	2302832	977.7	554.3	1434.6	538.4	7.97	255
333.932	0.148	R	2329004	2329150	964.9	591.1	953.2	482.7	1.95	1103
333.932	0.152	L	2329004	2329154	976.2	605.3	970.1	601.4	0.13	1161
339.204	0.056	L	2334276	2334330	972.7	655.0	967.6	643.3	0.23	223
339.18	0.086	R	2334252	2334336	947.5	550.8	946.8	480.9	1.25	538
339.622	0.04	R	2334694	2334732	954.0	550.2	1430.0	498.1	8.45	334
339.622	0.042	L	2334694	2334734	955.1	606.7	1349.6	554.6	7.01	259
339.994	0.02	L	2335066	2335084	1391.0	557.1	1442.7	579.2	0.99	73
339.998	0.018	R	2335070	2335086	1448.0	512.5	1482.7	536.7	0.74	66
340.944	0.024	L	2336016	2336038	1434.9	580.7	1368.7	575.4	1.17	61
341.208	0.034	R	2336280	2336312	1398.0	552.3	1135.1	549.4	4.66	207
341.208	0.036	L	2336280	2336314	1350.7	574.0	1069.8	580.2	4.98	202
341.456	0.026	L	2336528	2336552	1069.7	591.2	922.0	588.2	2.63	156
341.456	0.026	R	2336528	2336552	1110.3	562.0	962.2	557.6	2.63	157
347.334	0.04	R	2342406	2342444	964.9	558.6	1292.0	557.5	5.77	211
347.332	0.042	L	2342404	2342444	935.7	587.5	1235.9	583.3	5.30	168
348.808	0.034	L	2343880	2343912	1276.1	572.2	1017.8	575.0	4.57	211
348.808	0.036	R	2343880	2343914	1293.0	563.0	1026.3	559.3	4.72	208
349.076	0.13	R	2344148	2344276	1011.9	557.6	992.0	512.5	0.88	883
349.064	0.162	L	2344136	2344296	979.7	598.6	942.3	620.6	0.77	1385
350.906	0.05	R	2345978	2346026	963.8	567.2	1602.0	579.6	11.10	332
350.906	0.052	L	2345978	2346028	957.6	585.2	1544.4	581.7	10.21	292
351.358	0.07	L	2346430	2346498	1563.4	576.3	523.9	542.3	17.89	420
351.358	0.072	R	2346430	2346500	1594.5	571.4	536.5	517.5	18.22	381
351.518	0.024	R	2346590	2346612	504.3	515.2	348.5	519.0	2.65	178
351.516	0.028	L	2346588	2346614	532.5	553.1	356.8	548.9	2.99	186
352.824	0.058	R	2347896	2347952	373.0	510.8	1006.8	522.2	10.90	291
352.824	0.06	L	2347896	2347954	370.7	555.3	968.9	567.3	10.29	249
353.018	0.018	L	2348090	2348106	978.1	567.1	925.6	569.5	0.92	77
353.018	0.018	R	2348090	2348106	992.8	533.5	939.5	543.1	0.95	80
354.586	0.026	L	2349658	2349682	946.9	575.0	845.8	563.5	1.78	95
354.588	0.024	R	2349660	2349682	941.9	544.3	850.6	536.8	1.61	94
354.752	0.046	R	2349824	2349868	868.9	533.1	1451.0	506.0	10.18	358
354.752	0.048	L	2349824	2349870	850.7	571.3	1381.8	532.1	9.30	307
355.474	0.024	R	2350546	2350568	1474.9	521.3	1601.2	511.0	2.20	139
355.474	0.026	L	2350546	2350570	1436.2	541.1	1561.1	529.1	2.18	133
356.234	0.048	L	2351306	2351352	1559.5	533.9	978.0	559.2	10.21	321
356.234	0.048	R	2351306	2351352	1596.9	523.7	1008.7	531.1	10.32	317
362.264	0.056	L	2357336	2357390	943.8	585.1	1551.1	562.7	10.64	259
362.266	0.054	R	2357338	2357390	958.0	571.2	1605.0	556.4	11.33	299
363.662	0.036	L	2358734	2358768	1546.5	561.2	1231.6	545.4	5.54	247
363.662	0.036	R	2358734	2358768	1566.3	559.1	1249.3	553.4	5.57	244
363.796	0.03	L	2358868	2358896	1224.7	555.1	979.8	569.5	4.35	259
363.798	0.028	R	2358870	2358896	1227.4	553.3	978.4	570.0	4.43	254
363.97	0.016	R	2359042	2359056	963.0	568.9	921.6	572.1	0.74	67
366.108	0.04	R	2361180	2361218	942.1	559.9	1358.8	535.4	7.42	317
366.11	0.04	L	2361182	2361220	946.4	571.6	1309.3	539.8	6.48	264
366.346	0.028	L	2361418	2361444	1331.6	543.9	1522.3	553.5	3.37	172
366.344	0.03	R	2361416	2361444	1334.4	536.6	1549.9	536.2	3.80	198
367.516	0.05	L	2362588	2362636	1525.0	561.2	977.4	574.2	9.69	307
367.518	0.05	R	2362590	2362638	1533.6	548.7	960.4	564.0	10.14	295
372.568	0.022	R	2367640	2367660	958.4	556.6	895.5	552.1	1.12	68
372.568	0.022	L	2367640	2367660	955.1	589.9	876.6	580.4	1.41	86
373.35	0.02	L	2368422	2368440	878.0	585.8	932.4	587.1	0.97	60
373.35	0.022	R	2368422	2368442	891.4	569.5	957.4	569.0	1.18	72
373.774	0.036	L	2368846	2368880	929.4	573.5	1197.0	542.7	4.81	202
373.774	0.036	R	2368846	2368880	941.7	567.3	1264.5	534.0	5.80	253
374.028	0.056	L	2369100	2369154	1227.3	552.5	443.3	568.0	13.75	396
374.028	0.058	R	2369100	2369156	1257.8	543.9	443.6	561.7	14.28	405
374.196	0.018	L	2369268	2369284	432.1	554.2	389.1	551.9	0.74	62
374.196	0.018	R	2369268	2369284	432.3	555.9	385.3	559.3	0.81	72
375.262	0.044	L	2370334	2370376	406.6	546.2	762.1	560.7	6.21	199
375.26	0.046	R	2370332	2370376	397.7	541.2	784.7	541.5	6.75	210
375.408	0.024	L	2370480	2370502	790.6	554.2	906.2	562.2	2.06	136
375.406	0.026	R	2370478	2370502	779.7	552.0	914.9	561.2	2.41	156
381.546	0.05	L	2376618	2376666	979.1	558.1	1495.8	543.4	9.23	265
381.546	0.05	R	2376618	2376666	953.6	549.8	1534.0	513.4	10.39	329
383.1	0.046	L	2378172	2378216	1533.6	564.4	1006.0	577.4	9.42	347
383.1	0.046	R	2378172	2378216	1560.2	553.1	994.9	568.1	10.10	359
383.25	0.018	L	2378322	2378338	1000.8	583.0	951.6	585.6	0.88	75
383.25	0.018	R	2378322	2378338	985.3	569.3	935.5	573.0	0.90	73
384.03	0.07	R	2379102	2379170	947.5	572.7	938.3	482.9	1.59	409
384.022	0.086	L	2379094	2379178	994.5	619.3	976.1	645.2	0.56	2425
385.044	0.036	L	2380116	2380150	984.1	593.3	1238.4	578.7	4.45	174
385.042	0.038	R	2380114	2380150	939.5	555.2	1221.0	535.1	4.93	203
385.19	0.064	L	2380262	2380324	1237.0	574.8	412.2	543.0	14.16	380
385.19	0.072	R	2380262	2380332	1219.6	534.7	369.4	524.1	14.56	361
385.528	0.056	R	2380600	2380654	371.7	524.2	1262.6	513.7	15.31	433
385.53	0.058	L	2380602	2380658	399.8	550.0	1214.1	551.9	13.99	364
386.49	0.036	L	2381562	2381596	1262.2	576.6	984.7	575.8	4.86	195
386.49	0.036	R	2381562	2381596	1262.2	535.3	990.4	533.3	4.76	185
390.79	0.018	R	2385862	2385878	977.2	553.1	933.7	549.9	0.77	66
392.974	0.052	L	2388046	2388096	952.2	569.3	426.7	558.9	9.06	257
392.974	0.052	R	2388046	2388096	952.3	543.1	419.5	539.3	9.19	265
393.19	0.022	R	2388262	2388282	393.6	542.6	306.1	538.0	1.47	97
393.188	0.026	L	2388260	2388284	417.7	571.2	301.6	550.5	1.98	112
394.264	0.02	L	2389336	2389354	278.9	575.7	226.3	559.4	0.92	56
394.686	0.07	R	2389758	2389826	268.4	496.6	942.1	502.9	11.52	275
394.68	0.078	L	2389752	2389828	222.8	541.8	929.3	555.8	12.07	276
396.136	0.016	R	2391208	2391222	939.1	546.6	977.8	541.9	0.69	62
396.52	0.042	R	2391592	2391632	1000.8	530.8	1471.3	537.2	8.25	284
396.52	0.044	L	2391592	2391634	954.7	565.6	1407.4	564.1	7.93	255
396.68	0.022	L	2391752	2391772	1427.4	554.8	1519.4	558.7	1.60	110
396.678	0.024	R	2391750	2391772	1476.4	547.8	1580.8	546.8	1.81	119
397.966	0.042	L	2393038	2393078	1557.6	546.8	1289.3	544.6	4.67	173
397.966	0.044	R	2393038	2393080	1583.7	520.9	1317.0	515.1	4.64	166
398.136	0.028	L	2393208	2393234	1218.1	554.7	993.6	564.9	3.96	215
398.136	0.034	R	2393208	2393240	1231.6	520.7	966.7	536.6	4.67	220
400.232	0.044	L	2395304	2395346	906.3	558.2	545.6	542.3	6.28	209
400.232	0.046	R	2395304	2395348	956.6	552.4	587.6	537.7	6.42	220
400.39	0.028	R	2395462	2395488	562.9	530.5	351.0	525.6	3.59	193
400.39	0.03	L	2395462	2395490	516.9	554.2	292.4	517.8	3.85	187
401.77	0.026	L	2396842	2396866	239.7	554.4	345.1	557.7	1.76	84
401.77	0.026	R	2396842	2396866	278.9	521.0	378.0	522.2	1.66	79
401.83	0.044	L	2396902	2396944	394.1	552.0	848.8	570.3	7.87	258
401.828	0.046	R	2396900	2396944	408.1	520.4	906.5	523.3	8.62	291
401.982	0.018	L	2397054	2397070	890.3	563.9	948.7	573.1	1.05	81
401.98	0.02	R	2397052	2397070	913.7	531.2	977.0	538.0	1.13	86
406.714	0.018	R	2401786	2401802	953.6	544.0	911.3	544.3	0.74	58
406.716	0.02	L	2401788	2401806	913.8	563.3	864.1	573.0	0.88	61
406.888	0.02	L	2401960	2401978	868.7	575.4	927.9	579.4	1.03	74
406.89	0.018	R	2401962	2401978	920.9	538.3	973.3	539.8	0.91	71
408.096	0.064	L	2403168	2403230	902.1	562.5	315.3	515.4	9.96	239
408.098	0.062	R	2403170	2403230	946.4	545.2	367.6	506.2	9.81	244
408.662	0.016	L	2403734	2403748	212.7	505.3	165.6	500.0	0.77	64
408.662	0.016	R	2403734	2403748	274.4	482.8	232.9	474.1	0.69	57
409.572	0.054	R	2404644	2404696	251.3	486.7	933.8	479.4	11.42	322
409.572	0.056	L	2404644	2404698	192.0	486.0	765.9	520.6	9.62	251
411.74	0.018	L	2406812	2406828	918.8	558.7	974.2	559.6	0.96	73
411.74	0.018	R	2406812	2406828	992.3	543.8	1043.9	546.2	0.89	65
411.95	0.082	L	2407022	2407102	971.2	563.3	458.2	590.7	8.74	163
411.95	0.082	R	2407022	2407102	1039.5	546.5	500.9	549.0	9.16	172
412.642	0.03	R	2407714	2407742	472.9	558.3	304.2	534.4	2.81	126
412.64	0.036	L	2407712	2407746	440.6	589.5	235.5	556.1	3.43	123
413.156	0.056	R	2408228	2408282	271.6	527.4	951.5	517.7	11.43	311
413.156	0.058	L	2408228	2408284	228.9	574.1	855.8	567.2	10.54	262
415.184	0.046	L	2410256	2410300	953.2	586.5	544.7	564.3	7.01	234
415.184	0.048	R	2410256	2410302	977.3	521.0	550.8	507.8	7.31	226
415.378	0.07	R	2410450	2410518	551.9	510.7	1518.2	501.0	16.48	359
415.38	0.072	L	2410452	2410522	531.2	561.1	1403.2	529.0	14.89	287
416.578	0.04	L	2411650	2411688	1405.7	521.3	1035.1	541.3	6.47	267
416.578	0.04	R	2411650	2411688	1481.0	501.6	1098.7	509.2	6.67	261
416.74	0.02	L	2411812	2411830	998.4	531.7	920.7	543.5	1.37	100
416.738	0.024	R	2411810	2411832	1078.8	511.5	974.1	519.1	1.84	118
418.86	0.03	L	2413932	2413960	939.1	580.3	1097.7	557.0	2.80	119
418.86	0.03	R	2413932	2413960	967.9	536.5	1145.1	524.5	3.10	127
419.022	0.022	L	2414094	2414114	1120.2	552.4	1202.4	558.0	1.44	92
419.02	0.024	R	2414092	2414114	1157.1	526.7	1246.0	530.2	1.55	89
420.276	0.04	L	2415348	2415386	1266.7	550.1	961.8	556.5	5.32	202
420.274	0.044	R	2415346	2415388	1297.0	525.1	963.1	514.4	5.83	191
421.574	0.016	L	2416646	2416660	911.7	574.4	947.3	603.5	0.81	80
422.54	0.028	L	2417612	2417638	904.5	581.3	718.6	585.4	3.27	180
422.54	0.03	R	2417612	2417640	945.6	537.6	728.9	535.1	3.81	200
422.68	0.022	L	2417752	2417772	697.0	602.7	605.4	594.4	1.59	113
422.682	0.022	R	2417754	2417774	698.8	537.4	622.3	543.1	1.33	95
423.996	0.036	L	2419068	2419102	626.3	589.0	855.0	566.3	3.96	144
423.994	0.038	R	2419066	2419102	615.3	514.8	886.6	483.8	4.70	172
426.306	0.054	R	2421378	2421430	953.3	532.9	1569.7	530.7	10.65	281
426.306	0.056	L	2421378	2421432	941.9	585.0	1508.9	532.8	9.84	267
427.71	0.048	L	2422782	2422828	1497.9	521.2	941.9	559.8	9.63	308
427.708	0.052	R	2422780	2422830	1594.0	544.5	946.9	535.5	11.18	320
430.968	0.06	L	2426040	2426098	954.5	544.3	1666.3	374.9	12.64	296
430.966	0.062	R	2426038	2426098	968.4	538.8	1781.1	404.2	14.22	325
431.196	0.054	L	2426268	2426320	1688.6	370.9	915.5	504.6	13.53	395
431.194	0.058	R	2426266	2426322	1779.0	399.4	963.4	483.5	14.13	357
432.238	0.018	R	2427310	2427326	958.1	527.9	908.6	540.5	0.90	72
434.052	0.048	R	2429124	2429170	941.1	574.8	1570.5	564.7	11.10	375
434.054	0.048	L	2429126	2429172	939.4	588.3	1536.4	565.4	10.54	349
435.494	0.05	L	2430566	2430614	1550.4	535.6	935.9	574.7	10.82	335
435.494	0.052	R	2430566	2430616	1605.2	559.5	984.2	547.3	10.92	314
441.644	0.038	R	2436716	2436752	946.4	540.4	1261.4	535.2	5.56	228
441.644	0.04	L	2436716	2436754	893.2	564.7	1197.5	554.9	5.37	197
441.806	0.018	R	2436878	2436894	1268.6	543.8	1310.1	549.9	0.74	61
442.16	0.066	L	2437232	2437296	1249.9	544.5	413.5	507.5	14.47	346
442.16	0.07	R	2437232	2437300	1301.0	563.1	461.2	525.2	14.52	340
442.814	0.024	R	2437886	2437908	448.8	517.2	335.1	524.9	1.92	114
442.812	0.028	L	2437884	2437910	432.8	525.2	294.3	517.1	2.34	124
443.562	0.058	L	2438634	2438690	286.6	505.4	836.0	536.0	9.41	225
443.564	0.056	R	2438636	2438690	319.9	506.0	869.8	508.8	9.40	242
443.728	0.02	R	2438800	2438818	870.3	513.6	927.4	509.8	1.00	77
445.326	0.05	R	2440398	2440446	950.2	552.5	456.4	517.8	8.53	253
445.324	0.052	L	2440396	2440446	910.9	595.7	424.1	545.1	8.43	242
445.526	0.064	R	2440598	2440660	469.8	516.7	1336.2	526.6	14.93	371
445.526	0.066	L	2440598	2440662	434.1	545.6	1217.9	548.3	13.50	302
445.782	0.03	L	2440854	2440882	1251.8	553.6	1513.5	556.9	4.56	262
445.782	0.03	R	2440854	2440882	1306.8	532.4	1601.4	549.3	5.14	292
446.824	0.018	L	2441896	2441912	1621.6	545.7	1675.2	535.1	0.94	69
446.824	0.018	R	2441896	2441912	1668.7	577.4	1719.9	568.4	0.89	68
446.99	0.052	L	2442062	2442112	1675.7	523.9	995.7	558.3	11.79	352
446.99	0.052	R	2442062	2442112	1715.9	559.2	1019.7	541.7	12.06	359
447.154	0.018	R	2442226	2442242	988.5	545.0	934.5	552.6	0.96	77
447.586	0.016	R	2442658	2442672	937.0	545.9	898.5	548.9	0.68	63
447.588	0.018	L	2442660	2442676	939.0	569.6	896.5	564.9	0.75	60
449.176	0.038	L	2444248	2444284	933.6	577.5	605.1	581.1	5.69	236
449.176	0.038	R	2444248	2444284	940.0	544.8	621.6	542.2	5.51	224
449.366	0.036	R	2444438	2444472	580.3	533.2	316.9	528.0	4.43	181
449.366	0.04	L	2444438	2444476	582.2	569.5	282.5	544.9	5.05	189
449.618	0.018	L	2444690	2444706	270.3	545.0	214.3	542.9	0.92	72
450.624	0.018	R	2445696	2445712	258.9	522.5	306.0	513.8	0.79	63
450.756	0.046	R	2445828	2445872	338.6	520.1	892.1	544.3	9.43	307
450.754	0.052	L	2445826	2445876	312.6	542.8	859.1	571.3	9.32	291
450.918	0.016	L	2445990	2446004	892.3	576.6	934.5	573.7	0.74	61
450.918	0.016	R	2445990	2446004	895.9	547.5	941.4	548.1	0.80	71
451.726	0.018	R	2446798	2446814	928.5	534.1	973.9	536.0	0.80	64
456.878	0.038	R	2451950	2451986	954.3	553.8	1254.8	538.8	5.25	220
456.88	0.04	L	2451952	2451990	912.8	583.3	1190.2	562.6	4.85	169
457.068	0.028	R	2452140	2452166	1271.4	543.7	1466.5	555.0	3.40	186
457.07	0.028	L	2452142	2452168	1222.9	553.8	1390.9	545.1	2.93	154
457.374	0.068	L	2452446	2452512	1401.7	542.5	374.1	531.5	17.49	397
457.374	0.07	R	2452446	2452514	1474.2	566.7	409.8	529.6	18.13	387
458.212	0.052	R	2453284	2453334	379.9	508.6	964.8	491.6	9.91	327
458.216	0.05	L	2453288	2453336	385.4	539.5	871.6	536.6	8.24	270
458.864	0.198	L	2453936	2454132	970.1	611.5	922.6	605.9	0.83	1512
458.868	0.206	R	2453940	2454144	948.0	543.2	926.4	496.1	0.91	975
460.932	0.022	R	2456004	2456024	936.7	541.0	873.5	523.9	1.13	70
461.198	0.022	R	2456270	2456290	871.6	512.2	950.8	521.6	1.38	98
461.198	0.022	L	2456270	2456290	839.2	549.2	920.4	557.3	1.41	96
462.898	0.018	R	2457970	2457986	915.3	538.6	970.3	541.3	0.95	75
463.532	0.016	R	2458604	2458618	927.6	559.0	888.4	556.6	0.68	57
463.766	0.018	L	2458838	2458854	879.3	568.6	934.1	566.5	0.95	76
463.764	0.02	R	2458836	2458854	890.8	552.4	958.4	548.1	1.17	89
464.468	0.036	L	2459540	2459574	954.9	588.4	628.6	587.6	5.60	245
464.47	0.038	R	2459542	2459578	961.1	554.1	607.2	567.1	6.07	255
464.62	0.016	R	2459692	2459706	625.6	563.5	665.9	563.8	0.69	61
465.832	0.04	L	2460904	2460942	652.2	598.7	978.2	605.9	5.68	193
465.832	0.04	R	2460904	2460942	646.4	563.6	973.4	552.5	5.70	208
467.022	0.086	R	2462094	2462178	950.0	546.4	1006.6	507.2	1.21	260
467.016	0.098	L	2462088	2462184	991.9	655.8	990.3	665.8	0.18	1908
468.076	0.054	L	2463148	2463200	931.7	585.9	375.3	529.7	9.58	282
468.076	0.054	R	2463148	2463200	933.0	569.8	380.3	534.6	9.48	259
469.564	0.046	R	2464636	2464680	408.1	517.6	963.3	546.1	9.51	327
469.566	0.046	L	2464638	2464682	410.3	581.9	920.2	599.8	8.73	288
471.76	0.05	L	2466832	2466880	924.8	600.2	388.5	566.9	9.23	271
471.76	0.052	R	2466832	2466882	944.5	560.5	406.4	529.0	9.25	263
473.21	0.046	L	2468282	2468326	375.3	577.1	849.5	595.1	8.13	265
473.21	0.046	R	2468282	2468326	393.8	542.4	935.2	555.4	9.27	316
475.27	0.03	R	2470342	2470370	914.2	569.2	734.4	559.0	3.14	140
475.268	0.034	L	2470340	2470372	899.3	592.5	698.9	575.6	3.51	130
475.508	0.03	L	2470580	2470608	690.7	571.9	902.7	592.8	3.72	193
475.508	0.03	R	2470580	2470608	713.6	545.7	916.3	561.3	3.55	188
476.198	0.018	L	2471270	2471286	924.7	576.0	877.6	573.7	0.83	61
476.198	0.02	R	2471270	2471288	909.1	563.2	856.7	543.4	0.98	66
476.462	0.024	L	2471534	2471556	841.7	552.2	938.8	564.6	1.72	113
476.464	0.022	R	2471536	2471556	842.7	535.6	933.9	545.3	1.61	120
479.44	0.028	L	2474512	2474538	930.4	574.4	1134.0	568.8	3.60	198
479.44	0.03	R	2474512	2474540	959.4	544.7	1191.9	531.0	4.12	214
479.578	0.018	R	2474650	2474666	1214.6	524.8	1260.9	534.9	0.84	67
480.898	0.044	L	2475970	2476012	1292.6	565.1	988.0	570.3	5.38	166
480.9	0.044	R	2475972	2476014	1288.2	544.0	963.2	546.0	5.74	177
487.132	0.054	R	2482204	2482256	957.8	551.1	419.9	532.9	9.20	232
487.132	0.054	L	2482204	2482256	933.5	593.5	411.3	556.9	8.95	266
487.732	0.072	R	2482804	2482874	401.2	551.6	1415.9	546.2	17.32	376
487.734	0.072	L	2482806	2482876	388.9	569.3	1331.1	561.7	16.08	313
488.898	0.026	R	2483970	2483994	1395.7	544.8	1247.1	545.3	2.60	152
488.896	0.034	L	2483968	2484000	1362.3	563.2	1156.2	550.4	3.61	152
489.534	0.034	R	2484606	2484638	1215.0	532.9	970.7	560.9	4.30	193
489.532	0.038	L	2484604	2484640	1157.0	555.5	924.1	594.3	4.13	157
490.144	0.026	L	2485216	2485240	947.9	586.2	1077.0	564.9	2.29	126
490.14	0.03	R	2485212	2485240	957.7	567.8	1136.3	539.6	3.17	153
490.286	0.024	L	2485358	2485380	1125.2	544.4	1213.8	565.2	1.60	98
490.288	0.024	R	2485360	2485382	1169.0	530.0	1269.4	527.4	1.76	121
490.818	0.024	R	2485890	2485912	1269.4	535.0	1373.0	533.2	1.82	115
490.82	0.024	L	2485892	2485914	1242.8	543.2	1339.5	543.9	1.70	95
493.684	0.038	L	2488756	2488792	1313.7	567.8	961.3	560.5	6.18	252
493.684	0.042	R	2488756	2488796	1346.7	534.4	966.2	534.0	6.67	231
494.864	0.044	R	2489936	2489978	942.6	559.1	1555.8	544.3	10.68	387
494.864	0.046	L	2489936	2489980	957.4	589.0	1519.0	558.7	9.79	330
495.026	0.018	R	2490098	2490114	1552.5	546.3	1601.9	545.6	0.85	66
495.312	0.088	L	2490384	2490470	1563.8	539.5	415.7	541.2	19.58	369
495.312	0.094	R	2490384	2490476	1576.3	551.1	410.5	524.3	19.83	304
496.642	0.044	R	2491714	2491756	399.5	517.6	928.7	543.5	9.07	327
496.642	0.046	L	2491714	2491758	399.8	569.4	895.2	602.9	8.50	278
497.42	0.138	R	2492492	2492628	949.6	536.6	942.3	453.2	1.48	1284
497.408	0.162	L	2492480	2492640	963.3	619.4	967.6	606.4	0.24	2008
498.676	0.034	L	2493748	2493780	917.1	576.3	653.5	590.6	4.58	212
498.676	0.034	R	2493748	2493780	952.0	541.9	662.2	583.5	5.08	232
499.932	0.028	L	2495004	2495030	639.0	614.0	858.3	597.6	3.81	219
499.932	0.03	R	2495004	2495032	643.4	541.7	905.9	536.3	4.55	237
506.222	0.022	L	2501294	2501314	932.3	580.8	856.8	557.9	1.37	85
506.228	0.018	R	2501300	2501316	916.2	519.0	857.6	509.1	1.03	76
506.452	0.046	R	2501524	2501568	880.4	509.4	1356.8	492.0	8.26	287
506.452	0.048	L	2501524	2501570	874.7	562.6	1330.1	537.0	7.90	224
508.464	0.028	L	2503536	2503562	1154.4	515.5	981.7	564.6	3.12	177
508.464	0.028	R	2503536	2503562	1183.5	485.3	982.1	520.5	3.55	198
509.44	0.016	R	2504512	2504526	934.3	517.6	892.6	529.8	0.75	68
512.914	0.016	R	2507986	2508000	896.0	559.9	938.2	552.2	0.74	60
512.914	0.018	L	2507986	2508002	894.7	589.3	946.2	592.1	0.89	68
513.24	0.016	L	2508312	2508326	958.4	588.0	922.6	577.5	0.65	58
513.902	0.028	L	2508974	2509000	914.1	586.1	716.3	585.1	3.44	184
513.902	0.03	R	2508974	2509002	898.9	547.9	683.2	555.9	3.75	195
514.04	0.018	L	2509112	2509128	671.0	586.7	623.3	596.1	0.84	71
514.038	0.02	R	2509110	2509128	659.6	556.7	595.1	572.2	1.14	83
530.606	0.018	R	2525678	2525694	955.5	516.7	1006.9	530.7	0.96	78
531.944	0.018	R	2527016	2527032	987.2	546.3	1028.3	524.8	0.83	74
536.89	0.048	L	2531962	2532008	954.3	630.2	512.8	620.9	7.57	227
536.89	0.052	R	2531962	2532012	1011.7	518.7	516.9	495.6	8.48	238
537.166	0.028	L	2532238	2532264	515.9	644.0	299.5	639.6	3.59	205
537.168	0.026	R	2532240	2532264	512.3	517.8	331.4	514.8	3.00	178
538.38	0.052	R	2533452	2533502	332.8	485.6	1011.5	494.9	11.50	365
538.382	0.052	L	2533454	2533504	302.1	592.3	914.1	611.5	10.38	296
540.162	0.102	R	2535234	2535334	1036.1	516.6	1025.6	482.0	0.64	954
542.504	0.018	R	2537576	2537592	1020.0	490.6	973.7	501.9	0.83	62
542.506	0.018	L	2537578	2537594	953.5	571.7	908.9	583.7	0.80	63
543.976	0.17	L	2539048	2539216	937.3	584.3	937.2	599.1	0.26	1588
543.976	0.184	R	2539048	2539230	1015.2	480.0	1015.6	509.9	0.52	1011
544.478	0.04	L	2539550	2539588	945.4	595.6	1271.1	568.9	5.67	217
544.476	0.042	R	2539548	2539588	1018.7	523.1	1372.6	515.8	6.15	233
544.764	0.022	L	2539836	2539856	1313.8	583.7	1223.0	592.6	1.59	107
544.764	0.024	R	2539836	2539858	1360.3	529.2	1260.2	525.3	1.74	119
544.822	0.068	L	2539894	2539960	1210.1	593.1	297.3	594.2	15.34	355
544.824	0.068	R	2539896	2539962	1246.6	524.7	345.3	496.9	15.16	356
546.114	0.048	R	2541186	2541232	372.4	503.5	1064.3	472.0	11.63	351
546.114	0.052	L	2541186	2541236	332.3	577.4	930.8	579.6	10.05	275
546.88	0.052	R	2541952	2542002	1022.9	524.7	1634.5	471.2	10.60	301
546.882	0.052	L	2541954	2542004	978.9	586.6	1482.6	469.3	8.93	240
547.03	0.044	L	2542102	2542144	1501.3	477.4	959.6	599.2	9.60	388
547.03	0.046	R	2542102	2542146	1626.4	478.8	1019.0	532.2	10.53	375
552.33	0.04	L	2547402	2547440	943.4	579.3	610.2	572.9	5.59	210
552.328	0.068	R	2547400	2547466	1004.2	461.3	635.1	440.6	6.20	216
552.798	0.02	L	2547870	2547888	606.5	578.7	681.2	568.8	1.26	87
552.8	0.022	R	2547872	2547892	650.6	445.6	741.4	442.0	1.51	114
553.084	0.042	L	2548156	2548196	715.2	589.8	338.3	584.1	6.17	226
553.086	0.04	R	2548158	2548196	737.3	438.3	353.5	444.3	6.29	213
554.102	0.052	L	2549174	2549224	353.4	575.2	872.9	554.1	8.60	250
554.1	0.054	R	2549172	2549224	357.6	425.0	1007.7	425.0	10.75	292
555.444	0.03	L	2550516	2550544	932.8	581.0	1108.4	518.8	3.17	155
555.442	0.084	R	2550514	2550596	988.0	495.6	1876.5	379.9	15.09	1085
555.562	0.09	R	2550634	2550722	1883.2	425.6	1101.7	422.2	13.17	1305
555.682	0.022	L	2550754	2550774	1015.8	529.8	936.7	579.9	1.59	107
555.68	0.024	R	2550752	2550774	1097.8	415.9	997.1	461.2	1.88	121
559.788	0.016	L	2554860	2554874	920.5	604.2	952.8	629.9	0.71	64
559.848	0.036	L	2554920	2554954	953.7	645.0	1193.2	566.1	4.33	166
559.848	0.036	R	2554920	2554954	1009.0	507.6	1306.6	502.2	5.10	210
561.282	0.016	R	2556354	2556368	1318.4	542.2	1360.4	535.7	0.73	63
561.364	0.04	L	2556436	2556474	1294.7	567.4	961.6	572.8	5.74	240
561.364	0.04	R	2556436	2556474	1341.1	534.8	1004.4	529.4	5.80	237
563.542	0.05	L	2558614	2558662	947.2	582.8	395.8	574.9	9.26	288
563.542	0.05	R	2558614	2558662	992.5	512.2	401.6	523.3	9.92	299
563.846	0.064	R	2558918	2558980	416.9	517.3	1452.2	501.5	17.40	447
563.848	0.064	L	2558920	2558982	412.1	574.2	1237.9	544.4	13.90	328
564.914	0.022	R	2559986	2560006	1408.6	519.4	1486.5	511.0	1.35	97
565.09	0.048	L	2560162	2560208	1442.7	501.7	917.3	582.3	9.14	302
565.092	0.046	R	2560164	2560208	1476.4	521.9	930.4	525.7	9.38	314
567.324	0.046	R	2562396	2562440	960.5	536.5	1492.2	529.1	9.19	320
567.326	0.044	L	2562398	2562440	929.8	572.4	1381.4	531.4	7.84	266
568.76	0.04	L	2563832	2563870	1420.9	548.5	1014.3	541.9	7.10	284
568.76	0.044	R	2563832	2563874	1471.8	524.7	1025.8	519.9	7.79	280
568.904	0.02	L	2563976	2563994	977.1	531.8	921.5	549.0	1.02	74
568.906	0.02	R	2563978	2563996	1019.6	504.0	962.1	514.9	1.02	81
574.91	0.042	L	2569982	2570022	928.8	555.7	459.7	534.9	7.96	293
574.912	0.042	R	2569984	2570024	932.6	508.6	448.2	491.6	8.22	313
575.072	0.06	R	2570144	2570202	457.3	497.8	1389.1	489.3	15.85	431
575.074	0.06	L	2570146	2570204	463.0	539.4	1288.9	535.4	14.05	335
575.448	0.024	L	2570520	2570542	1302.5	534.8	1427.6	538.4	2.17	143
575.446	0.026	R	2570518	2570542	1353.5	484.9	1487.3	492.5	2.32	160
575.626	0.026	R	2570698	2570722	1496.1	513.2	1636.2	498.9	2.43	143
575.626	0.028	L	2570698	2570724	1448.9	555.4	1583.5	502.3	2.50	130
576.718	0.016	R	2571790	2571804	1826.2	544.5	1790.1	547.1	0.61	54
576.904	0.058	L	2571976	2572032	1733.7	512.7	942.1	542.0	13.60	335
576.904	0.06	R	2571976	2572034	1787.8	536.1	954.2	512.0	14.32	362
577.744	0.148	L	2572816	2572962	994.6	599.2	956.5	615.2	0.72	2080
577.75	0.15	R	2572822	2572970	984.0	550.5	945.0	527.7	0.79	939
578.858	0.048	L	2573930	2573976	960.5	574.0	407.3	549.4	9.35	299
578.86	0.046	R	2573932	2573976	954.7	540.3	405.1	526.1	9.28	302
580.104	0.044	L	2575176	2575218	405.2	567.8	913.4	578.1	8.56	307
580.102	0.046	R	2575174	2575218	400.1	504.4	967.6	518.0	9.56	341
582.724	0.016	R	2577796	2577810	962.8	512.3	1006.7	504.8	0.76	61
582.928	0.016	R	2578000	2578014	999.3	501.5	956.7	504.3	0.73	67
585.958	0.142	R	2581030	2581170	983.4	504.7	969.4	471.1	0.63	1279
586.488	0.042	R	2581560	2581600	970.5	510.4	1448.6	509.3	8.22	313
586.488	0.044	L	2581560	2581602	938.0	568.1	1379.4	542.8	7.60	244
587.166	0.03	L	2582238	2582266	1366.8	539.4	1523.8	514.8	2.71	122
587.168	0.028	R	2582240	2582266	1439.9	508.4	1622.3	502.5	3.11	158
587.758	0.026	L	2582830	2582854	1563.5	473.5	1462.8	524.9	1.93	108
587.76	0.026	R	2582832	2582856	1631.0	524.3	1531.0	512.4	1.71	82
587.952	0.046	L	2583024	2583068	1449.0	528.9	935.9	559.0	8.82	300
587.952	0.048	R	2583024	2583070	1513.2	504.9	963.3	511.1	9.43	298
591.638	0.022	L	2586710	2586730	951.3	564.2	1033.2	555.9	1.42	98
591.636	0.024	R	2586708	2586730	975.3	509.7	1085.1	507.9	1.90	121
591.79	0.022	R	2586862	2586882	1091.9	505.7	982.0	514.2	1.90	129
591.79	0.024	L	2586862	2586884	1046.8	545.2	938.5	559.4	1.88	116
592.066	0.064	R	2587138	2587200	980.0	521.0	1810.9	490.6	14.14	345
592.068	0.062	L	2587140	2587200	952.3	579.8	1701.5	480.0	12.87	312
592.232	0.052	L	2587304	2587354	1718.1	471.8	951.2	575.8	13.18	428
592.23	0.056	R	2587302	2587356	1812.0	487.5	971.2	489.5	14.31	388
594.214	0.04	R	2589286	2589324	961.0	524.3	1340.1	521.0	6.54	276
594.218	0.038	L	2589290	2589326	913.7	541.7	1257.0	552.1	5.92	232
594.488	0.024	R	2589560	2589582	1340.5	547.3	1481.3	533.4	2.44	152
594.488	0.026	L	2589560	2589584	1274.5	532.5	1399.2	515.9	2.17	118
595.674	0.05	R	2590746	2590794	1601.6	534.2	1011.1	518.5	10.12	320
595.674	0.052	L	2590746	2590796	1536.7	540.0	909.2	532.1	10.75	293
598.206	0.052	L	2593278	2593328	897.4	552.1	341.6	516.8	9.31	237
598.206	0.052	R	2593278	2593328	969.8	523.7	383.0	507.2	9.82	265
599.15	0.042	R	2594222	2594262	389.0	493.1	917.1	515.0	8.80	325
599.15	0.044	L	2594222	2594264	378.4	528.7	879.3	558.5	8.36	292
601.43	0.036	L	2596502	2596536	908.4	544.4	668.0	539.4	4.06	156
601.432	0.036	R	2596504	2596538	966.2	496.8	690.3	485.7	4.66	180
601.73	0.016	L	2596802	2596816	625.1	545.3	578.0	544.7	0.78	73
602.898	0.03	L	2597970	2597998	642.1	558.2	869.1	573.0	3.81	185
602.896	0.034	R	2597968	2598000	675.0	482.9	962.3	485.5	4.81	222
603.776	0.016	L	2598848	2598862	974.8	544.8	930.9	531.9	0.77	64
603.776	0.02	R	2598848	2598866	1033.7	477.2	975.0	471.4	1.00	70
606.178	0.05	L	2601250	2601298	895.2	527.8	470.8	449.9	7.14	193
606.176	0.052	R	2601248	2601298	983.8	480.7	508.7	382.6	8.03	207
606.396	0.044	R	2601468	2601510	504.5	376.5	987.2	466.6	8.14	307
606.398	0.042	L	2601470	2601510	474.6	460.5	915.2	526.0	7.38	271
609.22	0.048	L	2604292	2604338	912.5	529.9	374.7	525.8	8.90	249
609.218	0.052	R	2604290	2604340	970.5	485.3	383.2	463.2	9.72	270
610.618	0.048	R	2605690	2605736	417.3	471.6	1005.4	500.0	9.76	330
610.62	0.05	L	2605692	2605740	398.3	565.7	901.6	556.4	8.36	247
611.768	0.024	R	2606840	2606862	996.2	484.8	1086.1	473.4	1.54	84
611.766	0.028	L	2606838	2606864	945.3	553.4	1036.1	550.4	1.55	81
612.024	0.022	R	2607096	2607116	1098.2	482.7	1030.9	481.7	1.15	61
612.45	0.088	R	2607522	2607608	969.8	449.6	1949.5	373.0	16.33	258
612.452	0.092	L	2607524	2607614	936.0	544.4	1897.3	389.6	16.17	267
612.65	0.06	L	2607722	2607780	1866.6	312.2	911.5	528.0	16.31	457
612.65	0.062	R	2607722	2607782	1955.0	374.5	969.8	455.8	16.45	424
613.236	0.016	L	2608308	2608322	945.3	575.5	980.8	628.9	1.11	101
614.988	0.016	R	2610060	2610074	992.1	544.9	950.1	545.6	0.72	64
616.808	0.03	L	2611880	2611908	940.2	603.2	687.5	601.3	4.29	230
616.808	0.034	R	2611880	2611912	961.3	546.6	652.4	552.1	5.24	252
618.256	0.034	R	2613328	2613360	700.9	531.5	975.9	520.2	4.69	211
618.258	0.034	L	2613330	2613362	681.6	599.9	912.5	591.0	3.94	167
620.516	0.04	R	2615588	2615626	989.1	536.6	1287.1	519.6	5.13	198
620.518	0.04	L	2615590	2615628	940.1	597.8	1241.5	603.2	5.19	176
620.696	0.016	L	2615768	2615782	1251.4	590.4	1292.2	593.5	0.71	60
621.916	0.038	L	2616988	2617024	1280.7	567.6	955.3	559.5	5.65	244
621.916	0.038	R	2616988	2617024	1321.9	546.2	1009.9	509.8	5.45	221
624.192	0.034	L	2619264	2619296	936.4	568.3	710.3	556.8	3.85	160
624.194	0.036	R	2619266	2619300	1007.1	504.4	725.1	514.5	4.80	195
624.63	0.068	L	2619702	2619768	647.3	579.5	1418.1	535.3	13.01	283
624.628	0.106	R	2619700	2619804	689.6	526.7	1473.1	544.0	13.35	1100
624.838	0.03	R	2619910	2619938	1433.6	562.8	1431.8	549.3	0.24	220
625.898	0.04	L	2620970	2621008	1365.6	570.9	964.8	569.5	6.89	262
625.898	0.042	R	2620970	2621010	1395.4	532.5	982.0	518.4	7.11	241
626.842	0.074	L	2621914	2621986	944.7	691.1	954.0	680.2	0.25	760
626.778	0.198	R	2621850	2622046	977.5	541.5	936.0	558.0	0.77	1129
630.53	0.018	R	2625602	2625618	959.0	542.2	911.3	527.7	0.85	68
631.88	0.036	L	2626952	2626986	933.3	564.8	1215.7	558.2	4.84	219
631.878	0.038	R	2626950	2626986	973.5	504.3	1287.0	503.1	5.37	227
632.056	0.016	L	2627128	2627142	1243.7	566.1	1282.1	561.1	0.67	54
633.062	0.022	R	2628134	2628154	1300.5	509.4	1226.9	502.5	1.27	90
633.062	0.024	L	2628134	2628156	1272.4	543.9	1189.3	539.3	1.43	83
633.294	0.028	L	2628366	2628392	1183.1	538.9	983.1	546.5	3.43	175
633.292	0.03	R	2628364	2628392	1230.3	506.3	1017.1	506.9	3.66	198
633.674	0.018	R	2628746	2628762	970.1	516.0	925.3	520.3	0.77	64
634.23	0.018	R	2629302	2629318	953.8	514.0	905.1	515.3	0.84	63
635.624	0.052	L	2630696	2630746	957.7	528.7	1526.6	535.9	9.77	290
635.624	0.316	R	2630696	2631010	1007.7	463.3	723.1	185.7	6.83	1170
636.012	0.034	R	2631084	2631116	745.0	177.2	1634.4	482.7	16.05	1144
636.152	0.074	R	2631224	2631296	1644.6	497.1	750.2	206.5	16.03	989
636.248	0.034	R	2631320	2631352	717.0	226.3	1648.3	510.9	16.57	1196
636.768	0.03	R	2631840	2631868	1633.6	529.5	1638.5	519.9	0.19	224
636.976	0.04	L	2632048	2632086	1611.4	522.8	1245.7	489.8	6.32	250
636.978	0.04	R	2632050	2632088	1647.4	499.4	1257.1	460.8	6.75	254
637.118	0.026	L	2632190	2632214	1211.3	495.6	1027.0	539.2	3.28	218
637.116	0.028	R	2632188	2632214	1255.5	452.0	1054.7	477.6	3.50	205
637.636	0.04	R	2632708	2632746	1011.3	453.0	1007.3	467.6	0.26	909
637.776	0.304	R	2632848	2633150	1027.3	447.4	1029.0	445.7	0.04	1682
638.188	0.034	R	2633260	2633292	1035.9	443.6	1034.4	450.5	0.12	430
638.502	0.04	R	2633574	2633612	1037.9	483.4	1051.1	461.9	0.44	1547
638.542	0.016	L	2633614	2633628	975.2	528.2	934.2	544.5	0.76	65
638.756	0.024	L	2633828	2633850	942.1	513.0	1057.2	506.5	1.95	119
638.616	0.17	R	2633688	2633856	1011.2	447.9	1148.3	426.7	2.39	1639
638.818	0.312	R	2633890	2634200	1146.3	431.4	1160.8	422.1	0.30	1625
639.162	0.036	R	2634234	2634268	1155.8	441.8	1154.8	441.6	0.02	462
639.272	0.026	L	2634344	2634368	1082.2	505.3	1228.1	528.0	2.57	156
639.274	0.072	R	2634346	2634416	1163.9	456.9	1290.4	487.0	2.26	971
639.652	0.054	L	2634724	2634776	1241.1	521.5	618.6	517.8	10.67	308
639.652	0.07	R	2634724	2634792	1292.1	493.1	597.7	469.7	11.85	275
640.776	0.036	L	2635848	2635882	531.0	531.4	820.8	524.3	4.92	198
640.774	0.038	R	2635846	2635882	554.2	476.3	904.6	470.4	5.95	236
640.93	0.022	L	2636002	2636022	853.6	534.0	957.7	538.0	1.81	122
640.926	0.026	R	2635998	2636022	896.7	462.9	1010.6	485.0	2.01	125
641.88	0.052	R	2636952	2637002	1005.0	511.5	1606.5	499.4	10.43	1162
641.918	0.072	L	2636990	2637060	976.0	668.9	953.4	657.2	0.44	625
641.96	0.08	R	2637032	2637110	1632.8	497.1	984.4	509.3	11.20	1208
645.33	0.018	R	2640402	2640418	968.5	508.7	1018.8	502.2	0.88	67
646.17	0.016	L	2641242	2641256	932.2	614.0	887.6	579.1	1.00	75
646.242	0.608	L	2641314	2641920	892.8	599.5	927.7	623.5	0.75	1538
646.976	0.04	R	2642048	2642086	926.3	572.5	568.1	549.1	6.29	247
646.872	0.146	L	2641944	2642088	963.4	618.4	636.6	653.6	5.77	465
647.22	0.076	R	2642292	2642366	578.6	570.8	1391.0	518.8	14.16	388
647.136	0.164	L	2642208	2642370	589.5	636.7	1320.0	589.0	12.74	285
647.72	0.024	L	2642792	2642814	1380.0	595.6	1301.8	555.9	1.55	96
647.782	0.036	L	2642854	2642888	1356.4	581.7	1311.9	524.3	1.29	197
647.862	0.028	L	2642934	2642960	1320.6	592.4	1329.5	573.3	0.37	167
648.19	0.024	R	2643262	2643284	1335.1	507.9	1420.7	493.7	1.50	92
648.194	0.022	L	2643266	2643286	1323.9	567.7	1408.8	555.5	1.48	98
648.402	0.022	R	2643474	2643494	1406.2	483.7	1322.5	482.9	1.43	91
648.404	0.026	L	2643476	2643500	1389.3	569.6	1236.6	541.4	2.66	144
648.644	0.024	L	2643716	2643738	1274.1	543.9	1377.4	522.9	1.80	112
648.644	0.024	R	2643716	2643738	1272.1	476.0	1387.0	447.4	2.02	126
648.88	0.048	L	2643952	2643998	1381.6	513.0	942.2	536.0	7.48	247
648.878	0.05	R	2643950	2643998	1398.9	440.0	968.0	469.8	7.35	220
649.45	0.144	L	2644522	2644664	881.0	642.8	891.0	635.9	0.21	1602
649.432	0.192	R	2644504	2644694	966.9	526.8	942.5	471.4	1.04	1054
650.646	0.038	L	2645718	2645754	902.3	614.0	551.8	601.7	5.90	266
650.646	0.038	R	2645718	2645754	912.4	535.0	560.9	535.1	5.91	240
650.808	0.058	R	2645880	2645936	560.3	537.3	1392.0	527.2	14.01	407
650.81	0.06	L	2645882	2645940	529.0	589.5	1309.4	565.4	13.16	354
651.018	0.024	R	2646090	2646112	1366.1	529.8	1468.1	522.8	1.75	123
651.022	0.022	L	2646094	2646114	1316.3	562.9	1433.8	564.1	2.01	138
652.302	0.044	L	2647374	2647416	1413.8	577.5	925.5	573.7	8.40	276
652.3	0.046	R	2647372	2647416	1475.7	528.3	973.8	525.7	8.64	296
653.476	0.1	L	2648548	2648646	999.9	617.3	958.2	644.9	0.86	1028
653.45	0.164	R	2648522	2648684	994.3	552.9	969.9	512.5	0.82	1139
654.48	0.048	L	2649552	2649598	933.5	561.8	490.1	620.6	7.56	250
654.48	0.05	R	2649552	2649600	974.0	512.8	523.6	568.8	7.67	244
654.648	0.028	L	2649720	2649746	479.0	628.1	275.1	598.8	3.37	184
654.648	0.028	R	2649720	2649746	498.4	568.7	320.8	545.7	2.93	159
655.204	0.018	R	2650276	2650292	313.6	525.3	367.1	520.5	0.87	64
655.204	0.022	L	2650276	2650296	276.1	602.8	349.5	587.7	1.22	81
655.916	0.046	R	2650988	2651032	475.2	506.4	1058.6	484.3	9.82	328
655.916	0.048	L	2650988	2651034	425.8	570.7	935.5	565.6	8.57	279
656.83	0.152	L	2651902	2652052	947.2	596.7	934.9	657.3	1.07	1350
656.806	0.246	R	2651878	2652122	1034.7	536.8	1001.6	522.1	0.62	1064
658.326	0.062	L	2653398	2653458	914.1	586.3	369.6	607.0	9.14	231
658.328	0.06	R	2653400	2653458	1002.8	516.8	427.4	554.5	9.67	232
659.762	0.05	L	2654834	2654882	319.4	562.0	879.9	556.9	9.37	291
659.762	0.05	R	2654834	2654882	352.9	507.2	972.9	492.5	10.36	349
660.414	0.198	L	2655486	2655682	981.8	588.7	954.5	625.7	0.80	1781
660.418	0.206	R	2655490	2655694	1005.7	534.6	990.9	524.0	0.31	3270
665.794	0.032	L	2660866	2660896	897.1	575.5	600.3	552.2	5.06	258
665.794	0.034	R	2660866	2660898	981.7	532.6	668.5	521.8	5.32	253
667.138	0.034	L	2662210	2662242	600.4	549.8	836.2	538.5	4.00	174
667.138	0.036	R	2662210	2662244	678.5	526.7	955.5	519.0	4.70	205
669.55	0.028	L	2664622	2664648	907.8	545.2	1097.5	530.7	3.26	179
669.548	0.03	R	2664620	2664648	979.6	513.4	1216.1	495.6	4.06	211
669.712	0.056	L	2664784	2664838	1115.0	536.2	495.5	531.5	10.44	289
669.71	0.06	R	2664782	2664840	1221.5	504.3	537.7	491.9	11.52	298
669.984	0.02	L	2665056	2665074	506.9	559.8	430.6	563.0	1.26	98
669.984	0.02	R	2665056	2665074	545.4	497.8	466.0	501.5	1.31	102
670.99	0.04	L	2666062	2666100	495.7	569.0	893.7	564.0	6.67	239
670.988	0.042	R	2666060	2666100	494.5	519.0	952.3	506.9	7.68	280
671.098	0.016	L	2666170	2666184	891.3	539.2	927.6	567.1	0.78	67
673.352	0.038	R	2668424	2668460	965.0	499.8	1306.3	518.8	5.83	245
673.35	0.042	L	2668422	2668462	899.4	554.9	1227.9	555.9	5.61	198
674.272	0.048	L	2669344	2669390	1264.7	522.4	900.4	513.0	6.21	172
674.272	0.05	R	2669344	2669392	1277.6	510.6	900.9	484.0	6.43	184
675.902	0.016	R	2670974	2670988	957.3	479.8	999.9	474.4	0.72	62
680.884	0.046	R	2675956	2676000	960.5	530.3	1542.7	522.6	9.88	352
680.884	0.046	L	2675956	2676000	913.1	525.1	1454.0	511.4	9.18	308
681.038	0.02	R	2676110	2676128	1537.3	527.9	1616.5	521.5	1.34	108
682.164	0.048	L	2677236	2677282	1548.4	505.8	981.9	555.6	9.62	341
682.164	0.05	R	2677236	2677284	1587.1	528.2	967.1	517.8	10.48	348
682.326	0.018	R	2677398	2677414	966.4	518.4	916.7	527.4	0.86	68
685.812	0.062	R	2680884	2680944	928.4	513.1	926.5	506.7	0.11	908
685.79	0.1	L	2680862	2680960	963.1	616.4	946.1	658.3	0.78	1103
687.924	0.018	L	2682996	2683012	945.5	575.3	894.8	581.3	0.87	67
687.924	0.018	R	2682996	2683012	951.0	526.1	896.9	526.9	0.92	72
688.45	0.062	R	2683522	2683582	956.9	511.4	1679.1	525.8	12.20	311
688.452	0.062	L	2683524	2683584	886.4	559.8	1567.8	497.5	11.56	314
688.628	0.018	R	2683700	2683716	1662.0	525.9	1615.3	525.2	0.78	64
689.916	0.046	L	2684988	2685032	1540.9	485.4	952.9	508.7	10.00	392
689.916	0.048	R	2684988	2685034	1602.1	507.5	975.7	474.6	10.66	364
690.08	0.018	L	2685152	2685168	948.7	504.7	911.0	549.1	1.00	79
690.08	0.02	R	2685152	2685170	970.1	476.3	920.1	516.1	1.10	91
696.134	0.05	L	2691206	2691254	934.2	593.3	407.3	576.5	8.97	251
696.136	0.048	R	2691208	2691254	919.4	523.8	405.3	509.4	8.75	273
697.53	0.018	R	2692602	2692618	414.1	516.4	455.7	481.5	0.92	70
697.532	0.02	L	2692604	2692622	401.2	562.7	442.2	532.9	0.86	52
697.708	0.048	L	2692780	2692826	441.9	520.4	889.3	545.7	7.68	225
697.708	0.048	R	2692780	2692826	456.1	472.0	918.0	500.9	7.93	244
699.274	0.016	R	2694346	2694360	953.1	518.0	915.7	518.5	0.65	57
703.926	0.05	R	2698998	2699046	960.5	549.6	1573.2	502.2	10.62	361
703.928	0.052	L	2699000	2699050	924.0	556.7	1481.2	500.6	9.69	294
704.156	0.016	L	2699228	2699242	1485.7	510.5	1530.5	506.5	0.77	60
704.152	0.022	R	2699224	2699244	1538.4	526.5	1610.1	537.5	1.25	95
704.41	0.088	L	2699482	2699568	1545.5	505.3	379.9	511.7	19.69	385
704.412	0.092	R	2699484	2699574	1603.5	528.3	382.7	488.3	20.60	371
705.486	0.05	R	2700558	2700606	342.9	470.3	891.1	502.9	9.27	313
705.486	0.052	L	2700558	2700608	336.5	535.5	860.4	574.3	8.87	292
705.682	0.016	R	2700754	2700768	899.2	504.7	944.4	507.2	0.78	66
707.57	0.03	L	2702642	2702670	916.4	556.9	712.7	562.3	3.51	167
707.57	0.032	R	2702642	2702672	934.5	514.5	684.1	513.3	4.31	207
707.836	0.022	R	2702908	2702928	666.9	516.9	571.3	510.0	1.63	109
707.838	0.022	L	2702910	2702930	684.5	563.6	596.3	552.9	1.51	108
707.978	0.018	R	2703050	2703066	587.0	504.8	636.4	508.0	0.84	70
708.964	0.034	L	2704036	2704068	627.1	543.5	845.5	548.0	3.73	147
708.962	0.036	R	2704034	2704068	610.7	498.4	876.5	496.6	4.54	171
709.118	0.016	R	2704190	2704204	894.4	509.0	937.1	509.4	0.74	64
711.258	0.052	R	2706330	2706380	943.4	497.0	1625.0	489.1	11.70	356
711.256	0.056	L	2706328	2706382	910.6	530.0	1550.0	504.9	10.99	297
711.848	0.02	R	2706920	2706938	1612.5	490.8	1668.7	489.0	0.96	71
