onset	duration	eye	startTime	stopTime	xAvg	yAvg	pupilAvg
0.012	0.386	L	619388	619773	710.4	425.5	1186
0.012	0.387	R	619388	619774	805.9	391.6	1065
0.425	0.172	R	619801	619972	1021.6	500.0	1051
0.425	0.174	L	619801	619974	926.4	531.0	1184
0.615	6.195	L	619991	626185	905.2	566.1	1301
0.614	6.197	R	619990	626186	995.6	532.8	1122
6.829	0.251	L	626205	626455	861.7	560.0	1387
6.829	0.251	R	626205	626455	952.4	542.8	1151
7.097	0.218	R	626473	626690	913.7	541.8	1172
7.097	0.22	L	626473	626692	823.1	557.9	1397
7.333	0.222	L	626709	626930	783.7	534.6	1352
7.332	0.223	R	626708	626930	870.8	515.9	1150
7.746	0.372	R	627122	627493	927.4	521.4	1043
7.747	0.372	L	627123	627494	832.7	549.9	1190
8.145	0.228	L	627521	627748	981.0	546.9	1110
8.144	0.229	R	627520	627748	1060.7	532.9	946
8.393	6.636	L	627769	634404	913.3	552.9	1301
8.393	6.636	R	627769	634404	993.3	525.5	1097
15.044	0.046	R	634420	634465	949.8	501.5	1227
15.043	0.049	L	634419	634467	883.8	530.3	1442
15.132	0.1	L	634508	634607	1281.9	533.3	1418
15.262	0.218	L	634638	634855	964.3	519.4	1434
15.276	0.205	R	634652	634856	1035.4	502.6	1192
15.506	0.219	R	634882	635100	941.1	492.9	1199
15.507	0.219	L	634883	635101	870.1	511.7	1420
15.742	0.176	L	635118	635293	838.0	512.3	1392
15.74	0.178	R	635116	635293	904.4	493.0	1175
16.061	0.168	R	635437	635604	901.3	527.0	1099
16.061	0.169	L	635437	635605	839.9	553.5	1266
16.253	0.226	L	635629	635854	967.1	567.1	1204
16.252	0.227	R	635628	635854	1032.2	534.3	1050
16.502	0.274	R	635878	636151	920.0	539.7	1046
16.503	0.275	L	635879	636153	854.5	570.1	1202
16.801	0.094	R	636177	636270	1045.8	551.8	1047
16.802	0.101	L	636178	636278	977.4	570.4	1217
16.954	0.051	L	636330	636380	966.8	495.4	1321
17.023	0.107	L	636399	636505	899.5	440.0	1444
17.151	2.127	L	636527	638653	913.3	542.2	1332
17.2	2.079	R	636576	638654	994.1	539.1	1112
19.295	0.211	L	638671	638881	864.9	559.4	1333
19.295	0.213	R	638671	638883	959.9	546.7	1183
19.524	0.279	R	638900	639178	913.5	555.5	1204
19.822	0.264	R	639198	639461	871.1	503.5	1169
19.533	0.554	L	638909	639462	797.0	515.8	1381
20.128	0.061	L	639504	639564	1112.5	604.9	1263
20.333	0.019	L	639709	639727	1128.5	616.0	1212
20.333	0.02	R	639709	639728	1201.9	593.2	1057
20.376	0.141	R	639752	639892	1069.5	530.0	1078
20.376	0.142	L	639752	639893	999.5	558.3	1202
20.542	0.168	R	639918	640085	938.8	528.9	1114
20.541	0.339	L	639917	640255	852.7	559.3	1221
20.725	0.155	R	640101	640255	905.3	534.8	1141
20.905	0.243	R	640281	640523	1058.8	531.9	1100
20.904	0.245	L	640280	640524	977.4	555.6	1216
21.173	0.138	R	640549	640686	944.6	534.2	1073
21.176	0.137	L	640552	640688	856.7	548.9	1188
21.332	4.446	R	640708	645153	989.0	541.6	990
25.981	0.041	R	645357	645397	981.3	536.6	1030
26.04	0.071	R	645416	645486	976.5	542.0	1042
26.188	0.06	R	645564	645623	977.1	540.9	1054
26.318	0.068	R	645694	645761	967.0	547.8	1063
26.543	0.044	R	645919	645962	968.5	538.8	1084
26.799	0.078	R	646175	646252	966.6	547.2	1094
21.332	6.277	L	640708	646984	924.9	552.8	1150
26.908	0.702	R	646284	646985	969.7	552.1	1007
27.648	0.246	L	647024	647269	663.4	545.0	1067
27.649	0.246	R	647025	647270	707.0	541.0	984
27.91	0.416	L	647286	647701	616.4	530.2	1132
27.91	0.416	R	647286	647701	669.5	534.9	1030
28.341	0.172	L	647717	647888	600.5	508.1	1136
28.341	0.172	R	647717	647888	650.3	515.8	1027
28.654	0.337	R	648030	648366	923.8	530.7	1032
28.654	0.338	L	648030	648367	884.8	527.6	1162
29.066	0.107	R	648442	648548	1041.0	539.5	1034
29.013	0.294	L	648389	648682	997.6	541.8	1170
29.206	0.101	R	648582	648682	1039.6	537.0	1030
29.332	0.257	L	648708	648964	873.0	550.2	1155
29.332	0.257	R	648708	648964	908.6	551.6	1031
29.608	2.196	R	648984	651179	975.1	556.5	972
29.608	2.197	L	648984	651180	929.1	561.8	1097
31.837	0.155	R	651213	651367	733.8	545.5	997
31.835	0.158	L	651211	651368	696.6	537.7	1099
32.015	0.119	L	651391	651509	814.1	531.6	1131
32.015	0.12	R	651391	651510	863.9	549.1	1022
32.158	0.129	R	651534	651662	729.2	531.1	1053
32.158	0.131	L	651534	651664	695.1	525.3	1161
32.306	0.132	L	651682	651813	746.9	522.4	1152
32.306	0.132	R	651682	651813	784.6	528.2	1041
32.456	0.22	R	651832	652051	724.1	509.3	1000
32.458	0.219	L	651834	652052	688.3	495.0	1102
32.694	0.14	L	652070	652209	654.8	480.3	1050
32.693	0.141	R	652069	652209	679.8	489.0	959
32.976	0.205	L	652352	652556	840.6	541.0	1002
32.976	0.206	R	652352	652557	869.5	527.2	878
33.204	0.164	L	652580	652743	967.7	538.7	984
33.204	0.166	R	652580	652745	991.0	534.9	848
33.385	0.299	L	652761	653059	1011.5	538.1	981
33.385	0.299	R	652761	653059	1038.0	538.9	849
33.712	0.212	R	653088	653299	918.5	534.4	872
33.712	0.213	L	653088	653300	883.2	534.2	1000
33.942	1.648	R	653318	654965	976.5	542.2	908
35.608	0.132	R	654984	655115	973.3	537.0	1021
35.766	0.044	R	655142	655185	974.0	532.0	1034
35.834	0.115	R	655210	655324	973.1	530.7	1039
36.154	0.026	R	655530	655555	978.3	533.6	1076
36.31	0.034	R	655686	655719	956.2	554.5	1108
33.943	2.56	L	653319	655878	934.5	550.6	1115
36.582	0.073	R	655958	656030	1250.6	405.0	1242
36.535	0.234	L	655911	656144	1219.2	534.0	1303
36.852	0.051	R	656228	656278	1285.8	405.9	1241
36.792	0.114	L	656168	656281	1259.6	551.3	1283
36.962	0.177	L	656338	656514	2040.6	489.5	1193
37.282	0.047	R	656658	656704	1786.1	385.2	1061
37.28	0.124	L	656656	656779	1783.4	492.7	1186
37.384	0.023	R	656760	656782	1791.7	446.0	1020
37.459	0.033	L	656835	656867	968.9	330.2	1531
37.517	0.208	L	656893	657100	967.4	518.5	1315
37.75	0.192	L	657126	657317	956.2	471.2	1445
37.459	0.497	R	656835	657331	1006.0	528.8	1179
38.018	0.181	L	657394	657574	1698.3	495.7	1289
38.254	0.029	L	657630	657658	876.1	334.1	1626
38.31	0.09	L	657686	657775	880.5	508.3	1318
38.254	0.146	R	657630	657775	939.6	535.2	1129
38.417	1.65	L	657793	659442	921.9	555.0	1171
38.418	1.65	R	657794	659443	981.8	563.6	1022
40.088	0.103	L	659464	659566	871.5	518.1	1209
40.237	0.196	L	659613	659808	905.5	565.6	1135
40.249	0.186	R	659625	659810	956.4	577.5	964
40.458	0.135	L	659834	659968	768.8	560.2	1115
40.458	0.135	R	659834	659968	824.8	552.2	998
40.675	0.261	L	660051	660311	1848.5	521.6	1075
40.713	0.224	R	660089	660312	1898.8	493.0	858
40.952	0.174	R	660328	660501	1852.1	497.5	868
40.952	0.175	L	660328	660502	1802.3	521.4	1082
41.225	0.185	L	660601	660785	441.6	508.3	1192
41.213	0.197	R	660589	660785	476.2	479.3	1116
41.552	0.093	L	660928	661020	445.6	507.5	1252
41.552	0.093	R	660928	661020	467.5	488.2	1169
41.688	0.192	L	661064	661255	927.2	548.1	1277
41.687	0.193	R	661063	661255	965.6	536.0	1157
41.899	0.22	R	661275	661494	895.1	553.5	1199
41.899	0.221	L	661275	661495	863.5	554.3	1327
42.142	0.322	L	661518	661839	990.4	540.6	1341
42.143	0.321	R	661519	661839	1028.5	544.0	1203
42.483	2.222	L	661859	664080	919.2	558.4	1194
42.482	2.223	R	661858	664080	978.1	555.1	1061
44.737	0.105	R	664113	664217	718.0	547.5	994
44.735	0.109	L	664111	664219	669.6	574.9	1102
44.87	0.103	L	664246	664348	859.7	614.4	1098
44.869	0.105	R	664245	664349	909.5	590.1	995
45.012	0.131	L	664388	664518	476.4	533.6	1125
45.013	0.131	R	664389	664519	524.6	515.4	1038
45.166	0.136	L	664542	664677	344.6	536.6	1140
45.167	0.135	R	664543	664677	399.9	530.0	1077
45.318	0.412	L	664694	665105	303.3	537.7	1160
45.317	0.413	R	664693	665105	366.5	544.0	1104
45.877	0.024	L	665253	665276	318.1	522.0	1177
45.877	0.024	R	665253	665276	370.6	549.8	1097
45.947	0.437	L	665323	665759	886.2	528.1	1145
45.945	0.439	R	665321	665759	936.5	547.1	1040
46.407	0.286	L	665783	666068	1012.6	533.5	1133
46.406	0.288	R	665782	666069	1069.5	553.4	980
46.718	0.162	L	666094	666255	909.6	538.7	1092
46.72	0.16	R	666096	666255	955.0	551.3	957
46.895	6.311	R	666271	672581	974.6	561.4	999
46.896	6.314	L	666272	672585	934.3	562.3	1153
53.279	0.039	L	672655	672693	1752.0	565.0	1254
53.347	0.169	L	672723	672891	2095.1	548.3	1220
53.547	0.177	L	672923	673099	1758.8	555.2	1241
53.808	0.029	L	673184	673212	401.9	399.3	1671
53.856	0.2	L	673232	673431	412.8	538.5	1289
53.806	0.25	R	673182	673431	461.1	519.2	1185
54.201	0.117	L	673577	673693	328.3	590.4	1333
54.201	0.117	R	673577	673693	378.9	576.8	1220
54.362	0.275	R	673738	674012	961.6	550.9	1183
54.364	0.275	L	673740	674014	918.3	556.7	1368
54.658	0.281	L	674034	674314	998.3	552.6	1368
54.659	0.28	R	674035	674314	1046.5	548.2	1159
54.959	0.225	R	674335	674559	941.3	564.3	1136
55.2	0.327	R	674576	674902	975.3	589.4	1071
54.961	0.603	L	674337	674939	930.7	561.5	1284
55.939	2.207	L	675315	677521	934.1	550.0	1105
56.089	2.059	R	675465	677523	989.8	562.8	929
58.162	3.396	L	677538	680933	929.2	566.6	1098
58.163	3.397	R	677539	680935	969.9	560.2	942
61.605	0.049	R	680981	681029	815.4	614.8	1050
61.603	0.052	L	680979	681030	773.0	565.6	1305
61.713	0.053	L	681089	681141	1565.3	585.6	1212
61.79	0.31	L	681166	681475	1747.9	577.4	1188
62.187	0.194	L	681563	681756	278.7	526.1	1321
62.188	0.193	R	681564	681756	321.3	568.8	1165
62.524	0.075	L	681900	681974	179.4	555.0	1273
62.524	0.075	R	681900	681974	238.9	577.2	1166
62.648	0.352	L	682024	682375	938.1	543.0	1257
62.647	0.354	R	682023	682376	975.1	548.2	1086
63.021	0.185	L	682397	682581	1024.8	535.6	1278
63.021	0.186	R	682397	682582	1065.9	552.7	1074
63.233	0.243	L	682609	682851	888.4	529.2	1214
63.234	0.243	R	682610	682852	937.1	547.4	1036
63.494	0.502	R	682870	683371	995.3	552.4	922
63.493	0.504	L	682869	683372	939.5	543.4	1088
64.013	5.792	L	683389	689180	943.9	558.3	1026
64.012	5.793	R	683388	689180	977.8	558.5	848
69.872	0.317	L	689248	689564	142.6	509.5	1080
69.874	0.315	R	689250	689564	187.4	555.0	995
70.281	0.046	L	689657	689702	1654.8	588.9	1081
70.35	0.186	L	689726	689911	1782.1	569.5	1057
70.631	0.058	L	690007	690064	194.0	354.8	1075
70.632	0.057	R	690008	690064	257.1	393.5	1021
70.815	0.096	L	690191	690286	207.2	381.7	1044
70.815	0.096	R	690191	690286	255.8	389.4	1054
70.959	0.216	L	690335	690550	857.6	534.7	1097
70.959	0.216	R	690335	690550	898.9	532.3	1022
71.26	0.1	R	690636	690735	1693.3	555.4	915
71.232	0.129	L	690608	690736	1659.0	553.6	1101
71.38	0.283	L	690756	691038	1732.5	552.2	1096
71.38	0.283	R	690756	691038	1759.4	558.4	883
71.715	0.787	R	691091	691877	984.7	565.3	886
72.52	0.173	R	691896	692068	960.9	452.5	928
71.713	2.461	L	691089	693549	952.1	529.8	1011
72.729	1.445	R	692105	693549	969.3	554.3	779
74.228	0.051	R	693604	693654	1575.8	553.1	723
74.228	0.053	L	693604	693656	1523.9	553.3	991
74.306	0.187	L	693682	693868	1743.8	548.0	980
74.305	0.188	R	693681	693868	1785.7	537.0	698
74.581	0.045	L	693957	694001	272.1	544.9	1101
74.582	0.045	R	693958	694002	341.8	615.5	917
74.66	0.227	R	694036	694262	173.3	588.2	973
74.659	0.229	L	694035	694263	114.6	562.2	1035
75.107	0.055	L	694483	694537	1681.4	586.0	1086
75.107	0.056	R	694483	694538	1696.6	574.5	807
75.209	0.528	L	694585	695112	1003.0	559.2	1111
75.21	0.527	R	694586	695112	1008.0	559.9	938
75.758	0.281	L	695134	695414	908.5	554.7	1133
75.757	0.283	R	695133	695415	918.0	561.1	963
76.055	1.611	L	695431	697041	942.1	549.6	1028
76.056	1.61	R	695432	697041	970.1	564.3	820
77.681	0.691	L	697057	697747	933.8	546.7	1064
77.68	0.693	R	697056	697748	960.0	560.0	857
78.389	0.114	L	697765	697878	905.0	563.6	1020
78.389	0.115	R	697765	697879	915.9	572.6	838
78.522	0.336	R	697898	698233	961.0	560.7	834
78.873	0.574	R	698249	698822	943.9	562.8	785
79.462	3.056	R	698838	701893	947.3	563.0	842
78.522	3.998	L	697898	701895	940.1	561.0	1008
82.543	0.327	R	701919	702245	908.4	527.4	941
82.543	0.619	L	701919	702537	876.7	528.0	1117
82.885	0.278	R	702261	702538	875.6	507.3	944
83.177	0.108	L	702553	702660	819.2	506.1	1110
83.177	0.108	R	702553	702660	833.6	496.9	906
83.428	0.27	L	702804	703073	834.7	532.5	1043
83.428	0.27	R	702804	703073	842.8	530.4	854
83.722	0.457	L	703098	703554	960.1	549.9	1025
83.722	0.457	R	703098	703554	966.9	547.8	819
84.195	1.293	L	703571	704863	932.6	553.8	1074
84.195	1.293	R	703571	704863	951.3	566.9	890
85.502	3.08	R	704878	707957	954.3	551.7	878
88.607	0.03	R	707983	708012	980.3	441.8	957
88.687	2.102	R	708063	710164	954.6	541.3	854
85.502	5.288	L	704878	710165	932.4	555.0	1056
90.844	0.766	L	710220	710985	339.6	513.3	1153
90.845	0.765	R	710221	710985	345.7	533.5	998
91.744	0.371	L	711120	711490	919.9	549.5	1096
91.742	0.373	R	711118	711490	915.7	548.4	914
92.137	0.238	L	711513	711750	1043.7	546.3	1128
92.168	0.207	R	711544	711750	1041.8	550.5	941
92.399	0.175	L	711775	711949	891.3	546.3	1086
92.4	0.174	R	711776	711949	894.9	558.7	928
92.6	0.122	R	711976	712097	1038.5	558.7	872
92.6	0.123	L	711976	712098	1038.2	557.9	1042
92.744	2.33	L	712120	714449	941.7	570.8	1006
92.743	2.331	R	712119	714449	957.9	552.2	836
95.114	0.057	L	714490	714546	1282.9	572.9	1051
95.126	0.046	R	714502	714547	1308.6	545.9	864
95.203	0.558	L	714579	715136	1450.1	563.5	1098
95.195	0.566	R	714571	715136	1458.1	555.1	886
95.787	0.144	L	715163	715306	1230.8	550.6	1147
95.787	0.144	R	715163	715306	1249.3	525.3	946
96.075	0.117	L	715451	715567	985.0	552.2	1206
96.075	0.118	R	715451	715568	1001.8	546.1	1028
96.215	0.291	L	715591	715881	873.0	531.2	1239
96.215	0.291	R	715591	715881	890.7	549.7	1069
96.527	0.472	L	715903	716374	996.8	510.5	1212
97.022	2.39	R	716398	718787	955.8	568.7	835
97.019	2.394	L	716395	718788	946.7	570.0	977
99.469	0.204	L	718845	719048	1606.6	554.9	929
99.467	0.206	R	718843	719048	1630.0	525.0	701
99.691	0.561	L	719067	719627	1538.6	550.8	1029
99.69	0.562	R	719066	719627	1579.4	528.0	797
119.007	0.081	R	738383	738463	1050.2	533.5	959
119.007	0.082	L	738383	738464	1000.3	541.3	1167
119.108	0.216	L	738484	738699	1054.3	541.3	1220
119.108	0.216	R	738484	738699	1111.0	537.9	991
119.346	2.213	L	738722	740934	904.1	549.5	1380
119.346	2.213	R	738722	740934	987.8	541.0	1134
121.611	0.12	L	740987	741106	1390.3	543.9	1401
121.664	0.068	R	741040	741107	1503.7	546.7	1079
121.752	0.786	L	741128	741913	1510.5	537.6	1360
121.751	0.787	R	741127	741913	1607.4	541.2	1056
122.69	0.13	R	742066	742195	1614.5	536.4	1070
122.682	0.298	L	742058	742355	1524.6	537.9	1347
122.913	0.068	R	742289	742356	1612.3	538.6	1096
123.025	0.119	L	742401	742519	977.4	546.9	1436
123.028	0.117	R	742404	742520	1079.3	563.1	1183
123.164	0.741	L	742540	743280	905.6	556.6	1424
123.164	0.741	R	742540	743280	1004.4	553.2	1177
123.921	1.446	R	743297	744742	1009.9	560.5	1042
123.92	2.218	L	743296	745513	913.4	574.3	1270
125.382	0.756	R	744758	745513	981.7	561.4	1072
126.154	0.145	L	745530	745674	933.8	548.6	1283
126.314	2.907	L	745690	748596	908.5	564.2	1322
126.154	3.067	R	745530	748596	991.6	547.1	1108
129.296	0.082	L	748672	748753	368.2	559.8	1316
129.275	0.103	R	748651	748753	458.5	562.3	1114
129.396	0.816	L	748772	749587	298.2	557.8	1265
129.396	0.816	R	748772	749587	380.3	534.7	1089
130.355	0.289	L	749731	750019	301.2	576.1	1203
130.355	0.289	R	749731	750019	377.9	533.6	1026
130.69	0.991	R	750066	751056	986.7	559.7	1017
131.702	0.215	R	751078	751292	999.2	588.7	912
130.691	1.227	L	750067	751293	920.6	572.1	1263
131.932	0.966	R	751308	752273	992.8	566.5	925
131.932	0.967	L	751308	752274	913.0	581.6	1158
132.947	0.141	L	752323	752463	1490.2	596.0	1079
133.104	0.778	L	752480	753257	1532.2	572.3	1119
132.947	0.935	R	752323	753257	1598.1	550.9	815
134.024	0.29	L	753400	753689	1530.9	569.5	1189
134.024	0.291	R	753400	753690	1605.9	541.7	871
134.362	0.113	L	753738	753850	977.6	568.1	1234
134.363	0.115	R	753739	753853	1040.9	574.5	951
134.495	1.848	R	753871	755718	981.4	556.3	951
134.493	1.941	L	753869	755809	926.3	558.8	1198
136.473	0.074	R	755849	755922	979.9	452.7	1018
136.646	0.076	R	756022	756097	976.7	535.1	938
136.448	1.072	L	755824	756895	925.0	551.5	1157
136.754	0.766	R	756130	756895	980.4	563.3	900
137.536	0.172	L	756912	757083	973.1	534.7	1139
137.538	0.172	R	756914	757085	1022.4	533.6	928
137.762	0.065	R	757138	757202	983.0	545.9	955
137.726	2.855	L	757102	759956	946.2	570.0	1020
137.917	2.664	R	757293	759956	975.0	554.3	793
140.616	0.119	L	759992	760110	685.3	553.2	963
140.617	0.118	R	759993	760110	701.4	543.0	804
140.752	0.805	L	760128	760932	641.1	559.4	980
140.752	0.805	R	760128	760932	656.2	541.9	849
141.701	2.581	L	761077	763657	950.1	580.3	990
141.701	2.581	R	761077	763657	970.7	553.2	815
144.331	0.106	L	763707	763812	1556.7	573.7	1021
144.33	0.108	R	763706	763813	1591.4	533.5	815
144.525	0.702	L	763901	764602	223.8	530.8	1075
144.527	0.7	R	763903	764602	242.1	537.6	984
145.371	0.273	R	764747	765019	245.5	529.7	997
145.371	0.274	L	764747	765020	230.1	529.3	1120
145.68	0.114	L	765056	765169	515.7	535.7	1138
145.677	0.117	R	765053	765169	534.5	518.4	993
145.835	0.116	L	765211	765326	906.3	556.8	1165
145.834	0.117	R	765210	765326	938.6	545.5	969
145.967	5.955	R	765343	771297	968.2	550.9	838
145.967	5.956	L	765343	771298	950.4	555.0	1033
151.966	0.09	L	771342	771431	1412.5	593.3	1098
151.966	0.09	R	771342	771431	1453.5	536.7	828
152.132	0.311	L	771508	771818	384.5	518.7	1195
152.133	0.31	R	771509	771818	403.0	523.6	1008
152.516	0.194	L	771892	772085	1589.4	539.5	1161
152.726	0.175	L	772102	772276	1552.9	549.9	1175
153.045	0.347	L	772421	772767	1549.5	552.0	1146
153.55	0.418	R	772926	773343	964.6	551.4	947
153.444	0.554	L	772820	773373	935.1	554.6	1132
154.215	2.486	L	773591	776076	934.7	550.5	1073
154.37	2.331	R	773746	776076	967.1	545.2	837
156.717	0.138	R	776093	776230	936.5	562.0	885
156.716	0.14	L	776092	776231	909.8	566.7	1106
156.871	0.42	R	776247	776666	979.9	560.5	873
156.871	1.665	L	776247	777911	933.9	570.4	1050
157.306	1.418	R	776682	778099	967.3	560.0	743
158.739	0.136	R	778115	778250	987.4	560.2	723
158.558	1.035	L	777934	778968	939.8	581.7	999
158.889	0.704	R	778265	778968	965.7	556.1	710
159.623	0.117	L	778999	779115	731.6	552.4	1018
159.625	0.115	R	779001	779115	739.4	548.1	797
159.761	0.814	L	779137	779950	634.5	552.9	1040
159.761	0.814	R	779137	779950	647.1	548.7	875
160.683	0.293	R	780059	780351	643.5	552.6	836
160.683	0.294	L	780059	780352	643.1	558.2	997
161.013	0.549	L	780389	780937	938.5	547.1	1032
161.576	1.657	L	780952	782608	948.3	570.9	1000
161.043	2.191	R	780419	782609	960.1	538.9	795
163.266	0.139	R	782642	782780	710.6	543.1	761
163.264	0.143	L	782640	782782	703.3	571.4	932
163.423	0.789	L	782799	783587	650.9	573.9	979
163.423	0.789	R	782799	783587	655.8	550.2	820
164.336	0.286	L	783712	783997	656.4	567.9	963
164.336	0.286	R	783712	783997	654.2	558.6	788
164.655	2.344	L	784031	786374	956.0	563.5	1012
164.654	2.346	R	784030	786375	965.0	554.1	751
167.061	0.805	L	786437	787241	324.8	530.3	1100
167.061	0.805	R	786437	787241	352.7	550.5	908
168.012	0.021	R	787388	787408	351.9	494.0	922
168.01	0.038	L	787386	787423	315.8	504.0	1081
168.073	0.057	R	787449	787505	263.7	518.8	952
168.073	0.369	L	787449	787817	235.4	529.2	1057
168.146	0.296	R	787522	787817	265.6	577.2	869
168.493	0.2	L	787869	788068	926.6	558.9	1034
168.596	4.468	R	787972	792439	967.0	545.4	746
168.708	5.854	L	788084	793937	953.3	553.7	1013
173.095	1.468	R	792471	793938	953.7	552.8	797
174.591	0.109	L	793967	794075	729.9	552.5	991
174.591	0.109	R	793967	794075	729.7	570.9	797
174.77	0.441	L	794146	794586	1632.5	596.4	1015
174.851	0.361	R	794227	794587	1634.9	570.0	763
175.239	0.248	L	794615	794862	1410.7	579.5	1047
175.242	0.248	R	794618	794865	1397.0	556.4	788
175.508	0.032	L	794884	794915	1324.9	558.2	1038
175.508	0.032	R	794884	794915	1338.0	548.9	795
175.667	0.312	L	795043	795354	1333.8	556.6	1071
175.667	0.313	R	795043	795355	1338.3	547.1	854
176.021	0.1	R	795397	795496	1030.5	533.5	882
176.021	0.102	L	795397	795498	1036.0	518.1	1098
176.142	0.352	R	795518	795869	958.5	551.7	878
176.519	0.067	R	795895	795961	967.0	551.6	896
176.604	1.778	R	795980	797757	957.3	557.0	747
176.142	2.241	L	795518	797758	956.2	549.9	1023
178.412	0.119	R	797788	797906	1249.9	613.6	649
178.412	0.12	L	797788	797907	1231.8	615.4	946
178.559	0.137	R	797935	798071	1499.5	605.0	688
178.559	0.14	L	797935	798074	1479.2	614.4	974
178.725	0.197	R	798101	798297	1764.5	543.3	721
178.724	0.199	L	798100	798298	1736.7	576.1	969
178.943	0.217	R	798319	798535	1881.3	510.9	752
178.944	0.217	L	798320	798536	1874.1	553.0	984
179.339	0.467	R	798715	799181	1741.3	516.9	794
179.339	0.469	L	798715	799183	1724.0	560.6	1002
179.905	0.084	R	799281	799364	1027.4	572.7	821
179.861	0.13	L	799237	799366	1010.2	549.0	1123
180.009	0.032	R	799385	799416	962.0	571.9	821
180.077	0.312	R	799453	799764	969.0	431.1	992
180.404	0.073	R	799780	799852	961.5	463.4	942
180.009	1.892	L	799385	801276	960.9	552.2	1034
180.536	1.366	R	799912	801277	956.5	555.2	761
181.939	0.131	R	801315	801445	685.5	548.9	773
182.085	0.088	R	801461	801548	647.9	560.2	804
181.939	0.235	L	801315	801549	673.8	568.6	922
182.255	0.04	L	801631	801670	1707.5	597.3	927
182.325	0.124	L	801701	801824	1867.5	631.7	902
182.562	0.055	R	801938	801992	1525.1	493.0	852
182.484	0.159	L	801860	802018	1499.0	622.0	931
182.685	0.179	L	802061	802239	1185.3	538.0	1081
182.989	0.337	L	802365	802701	1178.4	552.8	1134
182.989	0.337	R	802365	802701	1190.0	532.1	891
183.381	0.049	L	802757	802805	971.2	483.6	1268
183.358	0.072	R	802734	802805	978.8	474.7	971
183.451	0.129	R	802827	802955	899.2	457.2	977
183.452	0.129	L	802828	802956	890.3	522.3	1203
183.599	0.044	R	802975	803018	969.6	471.3	955
183.6	0.143	L	802976	803118	960.7	550.0	1133
183.842	0.032	R	803218	803249	980.8	429.3	1017
184.115	0.055	R	803491	803545	974.3	417.1	1007
184.267	0.289	R	803643	803931	971.9	452.0	951
183.794	0.767	L	803170	803936	958.0	541.7	1136
184.588	0.038	R	803964	804001	984.9	431.0	990
184.64	0.087	R	804016	804102	981.3	427.8	1012
184.841	0.027	R	804217	804243	977.7	428.3	1035
184.974	0.08	R	804350	804429	979.9	423.1	1050
184.588	0.951	L	803964	804914	958.1	532.4	1181
185.571	0.105	L	804947	805051	1194.6	560.7	1104
185.73	0.788	L	805106	805893	652.2	580.0	1146
185.738	0.78	R	805114	805893	658.6	565.8	1021
186.66	0.337	R	806036	806372	655.7	570.3	957
186.66	0.338	L	806036	806373	663.3	590.0	1089
187.037	6.168	L	806413	812580	965.7	569.0	963
193.253	0.105	L	812629	812733	532.4	583.2	971
193.268	0.09	R	812644	812733	526.8	572.4	879
193.381	0.103	L	812757	812859	388.7	564.8	987
193.381	0.103	R	812757	812859	390.2	574.1	899
193.558	0.602	L	812934	813535	1440.4	610.9	1039
194.303	0.053	L	813679	813731	407.5	520.9	1086
194.303	0.054	R	813679	813732	398.4	520.0	1062
194.374	0.272	R	813750	814021	355.2	489.8	1134
194.373	0.274	L	813749	814022	360.7	512.3	1113
194.692	0.566	L	814068	814633	942.3	519.7	1175
195.428	0.113	L	814804	814916	938.1	466.1	1187
195.651	0.064	L	815027	815090	911.7	517.7	1161
195.729	0.06	L	815105	815164	919.9	542.7	1111
196.049	0.303	R	815425	815727	958.8	598.1	788
195.864	0.489	L	815240	815728	947.8	579.3	983
196.64	0.197	L	816016	816212	953.0	530.9	932
196.588	0.249	R	815964	816212	973.6	538.0	743
196.87	0.814	L	816246	817059	1251.0	595.7	971
196.867	0.91	R	816243	817152	1270.1	523.6	827
197.702	0.128	L	817078	817205	1261.0	586.6	1034
197.796	0.034	R	817172	817205	1273.6	501.6	866
197.975	0.288	L	817351	817638	1239.7	570.4	1092
197.975	0.29	R	817351	817640	1276.9	525.4	862
198.297	2.228	L	817673	819900	953.6	562.1	945
198.299	2.229	R	817675	819903	973.2	536.1	795
200.561	0.127	R	819937	820063	1230.9	534.2	848
200.561	0.129	L	819937	820065	1197.0	548.3	1029
200.704	0.813	L	820080	820892	1244.3	562.2	1079
200.704	0.813	R	820080	820892	1275.6	539.5	873
201.659	0.227	L	821035	821261	1235.6	561.4	1136
201.659	0.228	R	821035	821262	1273.5	546.4	921
201.93	0.12	L	821306	821425	872.3	522.7	1229
201.931	0.119	R	821307	821425	902.1	536.7	1037
202.101	0.126	R	821477	821602	971.7	551.2	1058
202.068	6.184	L	821444	827627	955.9	551.5	1039
202.505	5.748	R	821881	827628	976.6	566.6	801
208.304	0.321	L	827680	828000	1550.6	569.7	921
208.302	0.324	R	827678	828001	1580.7	542.1	680
208.692	0.499	L	828068	828566	637.3	491.3	1044
208.694	0.497	R	828070	828566	645.0	514.7	912
209.333	0.195	R	828709	828903	649.2	525.7	908
209.333	0.206	L	828709	828914	638.5	489.7	1043
209.611	0.09	R	828987	829076	539.5	518.3	985
209.716	0.084	R	829092	829175	542.9	568.9	921
209.591	0.21	L	828967	829176	531.2	501.0	1132
209.841	0.11	L	829217	829326	881.4	532.2	1040
209.841	0.11	R	829217	829326	904.0	560.8	876
209.97	0.86	L	829346	830205	950.2	564.8	958
210.881	1.081	L	830257	831337	971.3	568.0	924
209.97	1.993	R	829346	831338	970.2	586.7	698
211.995	0.117	L	831371	831487	711.1	544.1	835
211.996	0.118	R	831372	831489	716.7	584.1	652
212.131	0.814	L	831507	832320	664.6	540.1	890
212.132	0.813	R	831508	832320	672.1	583.5	768
213.089	0.336	R	832465	832800	661.8	592.1	668
213.089	0.337	L	832465	832801	668.4	569.0	815
213.458	1.044	R	832834	833877	966.8	575.6	630
214.516	0.251	R	833892	834142	970.0	566.5	637
214.786	0.93	R	834162	835091	963.6	576.1	626
213.46	2.257	L	832836	835092	973.2	580.3	887
215.758	0.235	R	835134	835368	659.2	592.3	737
215.754	0.24	L	835130	835369	665.3	583.5	903
216.009	0.606	L	835385	835990	701.5	581.9	937
216.009	0.606	R	835385	835990	695.0	590.8	773
216.757	0.16	L	836133	836292	706.7	585.4	880
216.757	0.161	R	836133	836293	693.9	599.3	719
216.95	0.106	L	836326	836431	910.4	574.3	881
216.948	0.108	R	836324	836431	900.5	568.5	649
217.073	1.688	L	836449	838136	959.1	575.8	855
217.074	1.687	R	836450	838136	965.7	578.7	614
218.779	0.137	L	838155	838291	910.8	575.2	856
218.779	0.137	R	838155	838291	921.8	589.6	663
218.932	0.372	L	838308	838679	962.0	568.8	838
218.933	0.371	R	838309	838679	969.9	573.0	652
219.353	0.105	L	838729	838833	512.6	547.0	841
219.354	0.105	R	838730	838834	515.2	561.0	744
219.482	0.803	L	838858	839660	347.1	555.3	848
219.482	0.803	R	838858	839660	357.8	567.3	762
220.43	0.307	L	839806	840112	341.3	544.5	920
220.43	0.307	R	839806	840112	352.9	563.8	809
220.784	0.116	L	840160	840275	918.7	561.1	938
220.783	0.118	R	840159	840276	915.8	544.0	767
220.917	2.051	L	840293	842343	959.9	566.4	863
220.917	2.052	R	840293	842344	966.8	560.8	635
223.018	0.102	L	842394	842495	439.4	571.1	780
223.019	0.102	R	842395	842496	442.4	589.3	672
223.141	0.815	L	842517	843331	331.1	520.7	827
223.143	0.813	R	842519	843331	337.4	570.8	709
224.098	0.285	L	843474	843758	347.7	516.3	855
224.098	0.286	R	843474	843759	340.6	573.3	688
224.433	0.113	L	843809	843921	899.8	549.4	901
224.431	0.117	R	843807	843923	890.7	559.8	650
224.564	6.081	L	843940	850020	963.8	553.3	921
224.565	6.081	R	843941	850021	957.0	555.6	676
230.682	0.429	R	850058	850486	664.8	576.8	766
230.68	0.432	L	850056	850487	670.5	569.4	871
231.159	0.471	L	850535	851005	1226.9	609.2	870
231.159	0.471	R	850535	851005	1224.6	589.7	732
231.772	0.308	R	851148	851455	1218.4	605.0	754
231.772	0.309	L	851148	851456	1225.4	607.3	983
232.115	0.246	R	851491	851736	977.5	484.7	925
232.384	0.09	R	851760	851849	969.2	440.1	996
232.674	0.198	R	852050	852247	982.8	552.1	774
232.115	2.198	L	851491	853688	972.9	548.2	972
232.888	1.426	R	852264	853689	961.5	562.0	667
234.365	0.104	L	853741	853844	468.7	545.4	818
234.367	0.103	R	853743	853845	454.0	574.1	678
234.491	0.359	L	853867	854225	357.0	544.8	795
234.492	0.358	R	853868	854225	339.8	584.6	685
234.917	0.383	L	854293	854675	1224.7	600.8	818
234.916	0.384	R	854292	854675	1206.9	588.2	653
235.441	0.051	R	854817	854867	1336.6	476.2	693
235.441	0.053	L	854817	854869	1356.1	475.9	847
235.512	0.203	L	854888	855090	1410.0	467.4	835
235.51	0.205	R	854886	855090	1385.2	461.6	701
235.754	0.103	L	855130	855232	1065.2	540.8	892
235.755	0.102	R	855131	855232	1035.6	544.7	714
235.877	6.266	L	855253	861518	979.4	573.9	840
235.878	6.265	R	855254	861518	953.4	565.6	642
242.184	0.258	L	861560	861817	679.6	599.7	894
242.185	0.257	R	861561	861817	663.8	590.1	781
242.467	0.444	L	861843	862286	550.9	569.0	840
242.467	0.444	R	861843	862286	523.0	578.5	742
242.944	0.031	L	862320	862350	313.3	514.8	880
242.945	0.03	R	862321	862350	294.7	514.0	754
243.119	0.14	L	862495	862634	321.7	524.1	854
243.119	0.14	R	862495	862634	297.9	563.8	766
243.336	0.118	L	862712	862829	1114.6	582.2	839
243.335	0.119	R	862711	862829	1101.1	542.5	690
243.48	0.217	L	862856	863072	950.3	579.9	833
243.479	0.361	R	862855	863215	936.2	557.9	699
243.711	0.144	L	863087	863230	972.8	580.9	855
244.128	0.021	R	863504	863524	1046.5	447.5	856
244.119	0.038	L	863495	863532	1011.8	582.7	922
244.37	0.028	L	863746	863773	990.8	336.7	1251
244.437	0.033	L	863813	863845	991.8	460.0	1108
244.418	0.052	R	863794	863845	971.7	422.1	774
244.486	1.806	R	863862	865667	952.2	533.9	794
244.488	5.195	L	863864	869058	966.5	562.5	933
246.308	3.376	R	865684	869059	971.8	556.6	698
249.731	0.106	R	869107	869212	596.1	546.3	796
249.73	0.108	L	869106	869213	596.5	542.9	934
249.974	0.027	R	869350	869376	1302.5	517.0	887
249.893	0.436	L	869269	869704	1289.2	607.0	995
250.061	0.269	R	869437	869705	1295.8	507.2	921
250.437	0.048	R	869813	869860	1394.0	426.1	920
250.355	0.31	L	869731	870040	1400.6	540.3	961
250.565	0.1	R	869941	870040	1391.7	444.9	887
250.807	0.092	R	870183	870274	1392.5	432.3	913
250.807	0.284	L	870183	870466	1401.5	552.2	930
250.962	0.131	R	870338	870468	1402.4	426.9	914
251.135	0.113	L	870511	870623	1007.9	580.2	987
251.136	0.112	R	870512	870623	1011.4	547.7	834
251.263	3.567	L	870639	874205	977.6	574.4	768
251.264	3.566	R	870640	874205	973.5	545.1	702
254.846	0.283	R	874222	874504	954.2	541.6	690
255.16	0.092	R	874536	874627	967.0	534.5	722
255.809	0.052	R	875185	875236	965.0	529.2	731
254.846	2.522	L	874222	876743	977.9	569.6	742
255.885	1.483	R	875261	876743	956.6	543.1	628
257.407	0.933	L	876783	877715	1282.1	567.0	775
257.406	0.934	R	876782	877715	1264.0	534.0	597
258.482	0.302	L	877858	878159	1275.1	559.9	795
258.482	0.303	R	877858	878160	1275.8	543.2	628
258.821	1.304	R	878197	879500	970.2	538.9	691
258.821	1.306	L	878197	879502	971.6	551.0	853
260.142	4.891	L	879518	884408	973.1	569.1	729
260.141	4.892	R	879517	884408	960.3	528.4	587
265.063	0.172	L	884439	884610	1232.8	580.2	594
265.062	0.174	R	884438	884611	1213.3	531.7	494
265.291	0.634	R	884667	885300	632.4	515.1	565
265.29	0.636	L	884666	885301	658.5	532.3	671
265.945	0.069	L	885321	885389	703.3	563.1	701
265.945	0.069	R	885321	885389	683.8	546.5	569
266.122	0.299	R	885498	885796	680.2	542.1	592
266.122	0.3	L	885498	885797	697.5	563.0	730
266.456	6.235	L	885832	892066	975.9	575.2	698
266.454	6.237	R	885830	892066	957.6	545.9	547
272.742	0.174	L	892118	892291	1567.9	582.1	697
272.74	0.18	R	892116	892295	1537.4	534.0	506
272.976	0.047	L	892352	892398	843.4	586.3	735
272.979	0.045	R	892355	892399	804.6	567.9	543
273.062	0.593	L	892438	893030	484.9	565.9	769
273.062	0.593	R	892438	893030	467.5	576.4	667
273.831	0.114	L	893207	893320	1534.1	526.3	820
273.829	0.117	R	893205	893321	1532.7	497.8	627
273.969	0.18	L	893345	893524	1589.3	533.2	853
273.97	0.179	R	893346	893524	1585.6	531.6	653
274.193	0.13	R	893569	893698	1011.6	530.6	646
274.192	0.132	L	893568	893699	1021.6	541.2	909
274.341	2.02	L	893717	895736	972.4	553.3	804
274.341	2.02	R	893717	895736	948.9	536.4	587
276.396	0.113	R	895772	895884	696.2	537.6	440
276.395	0.115	L	895771	895885	731.4	573.6	575
276.58	0.233	L	895956	896188	1576.5	577.0	531
276.579	0.234	R	895955	896188	1544.6	555.1	446
276.839	0.14	L	896215	896354	1382.4	576.1	596
276.839	0.14	R	896215	896354	1358.1	561.4	497
277.0	0.342	L	896376	896717	1289.7	583.0	618
276.998	0.344	R	896374	896717	1260.4	572.3	527
277.484	0.317	L	896860	897176	1336.0	523.6	648
277.484	0.319	R	896860	897178	1299.7	528.2	542
277.844	6.392	L	897220	903611	983.5	555.2	716
277.844	6.394	R	897220	903613	952.6	546.0	521
284.26	0.756	L	903636	904391	883.9	534.6	746
284.259	0.757	R	903635	904391	831.9	510.4	558
285.175	0.102	L	904551	904652	1177.7	548.5	791
285.175	0.102	R	904551	904652	1144.3	513.7	578
285.297	0.205	L	904673	904877	1260.4	550.2	817
285.298	0.204	R	904674	904877	1228.8	515.1	602
285.54	1.022	L	904916	905937	973.4	560.6	899
285.539	1.024	R	904915	905938	934.9	523.4	677
286.615	0.446	R	905991	906436	1463.3	454.9	606
286.616	0.446	L	905992	906437	1455.2	522.9	829
287.2	0.03	R	906576	906605	3255.5	453.0	467
287.215	0.111	L	906591	906701	3216.3	644.3	619
287.818	0.291	L	907194	907484	1085.5	463.9	768
287.82	0.289	R	907196	907484	1056.9	402.3	608
288.135	0.023	L	907511	907533	943.0	485.7	789
288.196	0.06	L	907572	907631	969.0	557.4	806
288.182	0.081	R	907558	907638	1011.7	709.5	523
288.394	0.054	R	907770	907823	927.2	538.4	676
288.344	0.122	L	907720	907841	936.2	525.6	925
288.744	0.135	L	908120	908254	988.3	400.6	1145
288.748	0.497	R	908124	908620	969.7	556.0	701
288.894	0.354	L	908270	908623	955.5	544.3	931
289.491	2.424	R	908867	911290	938.3	536.1	632
289.465	2.451	L	908841	911291	961.7	557.0	795
291.937	0.404	L	911313	911716	857.8	583.1	717
291.939	0.403	R	911315	911717	818.4	546.9	581
292.389	0.122	R	911765	911886	1329.1	499.7	542
292.389	0.123	L	911765	911887	1358.4	553.1	698
292.528	0.146	L	911904	912049	1307.1	547.3	695
292.527	0.147	R	911903	912049	1273.1	519.8	542
292.818	0.296	L	912194	912489	1289.6	554.9	745
292.818	0.296	R	912194	912489	1266.6	519.4	581
293.15	0.135	L	912526	912660	1011.0	545.0	700
293.15	0.136	R	912526	912661	977.2	523.1	561
293.301	6.384	R	912677	919060	934.3	531.5	565
293.301	6.385	L	912677	919061	976.0	568.0	699
299.729	0.125	L	919105	919229	1257.7	560.3	625
299.728	0.126	R	919104	919229	1207.4	531.0	530
299.898	0.228	R	919274	919501	1653.3	531.8	520
299.899	0.228	L	919275	919502	1698.7	556.2	611
300.152	0.196	L	919528	919723	1531.1	513.2	622
300.152	0.196	R	919528	919723	1479.2	468.6	554
328.716	0.002	R	948092	948093	3105.5	-342.5	1929
328.746	0.038	R	948122	948159	1025.3	486.6	1136
328.701	0.133	L	948077	948209	972.3	536.9	1336
329.328	0.252	R	948704	948955	958.0	491.6	1190
328.85	6.501	L	948226	954726	909.2	501.0	1385
335.398	0.145	L	954774	954918	321.2	500.1	1273
335.59	0.556	L	954966	955521	885.0	507.2	1293
336.195	0.039	L	955571	955609	316.0	474.9	1286
336.377	0.321	L	955753	956073	291.6	449.6	1301
336.543	0.156	R	955919	956074	316.6	441.5	919
336.747	0.15	R	956123	956272	1033.4	497.2	789
336.749	2.169	L	956125	958293	929.2	503.8	1305
336.912	2.008	R	956288	958295	961.1	469.2	815
338.958	0.124	R	958334	958457	680.2	485.4	850
339.097	0.373	R	958473	958845	626.6	488.0	888
338.956	0.515	L	958332	958846	623.2	516.5	1233
339.53	0.375	L	958906	959280	1321.0	479.8	1252
339.527	0.378	R	958903	959280	1367.3	410.9	873
340.047	0.339	L	959423	959761	1142.4	442.0	1339
340.047	0.339	R	959423	959761	1191.2	496.1	834
340.413	1.484	R	959789	961272	945.7	498.2	836
340.412	2.994	L	959788	962781	918.0	501.8	1188
341.912	1.495	R	961288	962782	961.5	435.7	755
343.442	0.113	L	962818	962930	1165.1	465.1	1079
343.442	0.113	R	962818	962930	1210.8	339.7	782
343.586	3.055	R	962962	966016	971.3	429.5	724
343.584	3.059	L	962960	966018	928.4	482.9	1122
346.673	0.111	R	966049	966159	764.6	484.4	612
346.672	0.115	L	966048	966162	745.4	528.9	1001
346.823	0.265	R	966199	966463	1168.5	465.4	686
346.823	0.266	L	966199	966464	1084.8	494.6	1062
347.135	0.118	L	966511	966628	547.9	437.0	1079
347.269	0.327	L	966645	966971	607.9	462.5	1078
347.134	0.462	R	966510	966971	600.7	504.6	680
347.998	0.016	R	967374	967389	-4.0	998.5	100
348.109	0.465	L	967485	967949	924.1	347.2	1294
348.619	0.244	L	967995	968238	923.6	388.0	1232
348.892	0.378	L	968268	968645	919.5	419.2	1218
349.288	0.997	L	968664	969660	931.0	512.3	959
348.168	2.117	R	967544	969660	936.9	405.1	664
350.319	0.118	L	969695	969812	684.5	557.2	825
350.321	0.119	R	969697	969815	639.9	471.1	674
350.456	0.81	L	969832	970641	610.0	527.7	910
350.456	0.81	R	969832	970641	589.4	424.4	740
351.408	0.277	L	970784	971060	627.3	508.9	902
351.408	0.28	R	970784	971063	612.4	443.9	707
351.72	0.095	L	971096	971190	897.6	304.3	669
351.721	0.146	R	971097	971242	898.8	428.9	683
351.833	0.151	L	971209	971359	909.4	142.9	466
351.881	0.588	R	971257	971844	916.0	367.3	653
352.488	0.398	R	971864	972261	932.8	299.2	664
353.843	0.04	R	973219	973258	1073.1	279.7	468
353.9	0.066	R	973276	973341	963.3	259.1	580
353.885	0.082	L	973261	973342	905.5	423.9	804
353.996	0.13	L	973372	973501	1163.0	441.6	846
353.999	0.127	R	973375	973501	1218.4	327.8	698
354.143	0.744	R	973519	974262	1278.2	464.6	633
354.143	0.747	L	973519	974265	1264.0	534.7	732
354.143	0.955	L	973519	974473	1858.1	575.7	333
355.131	0.023	R	974507	974529	1171.0	779.6	628
355.274	0.091	R	974650	974740	1312.7	429.0	672
355.118	0.248	L	974494	974741	1276.3	578.3	768
355.396	2.782	L	974772	977553	947.3	567.5	743
358.249	0.055	L	977625	977679	1000.4	624.8	657
358.321	0.03	L	977697	977726	976.7	618.8	661
358.369	0.092	L	977745	977836	981.2	627.6	667
355.403	3.141	R	974779	977919	955.8	434.4	562
358.558	0.058	R	977934	977991	959.1	514.1	521
358.678	0.036	R	978054	978089	988.5	523.1	507
358.958	0.041	R	978334	978374	1568.0	665.1	233
359.185	0.527	L	978561	979087	940.0	254.8	1179
359.494	0.353	R	978870	979222	985.0	509.2	539
359.799	0.051	L	979175	979225	922.2	247.5	1256
359.881	0.052	L	979257	979308	919.4	268.1	1265
359.915	0.078	R	979291	979368	1007.1	551.9	570
360.217	0.124	R	979593	979716	1547.8	774.5	285
360.709	0.075	L	980085	980159	901.2	326.8	1274
360.426	0.635	R	979802	980436	1580.8	792.2	271
361.083	0.042	R	980459	980500	1565.6	796.6	270
361.171	0.274	R	980547	980820	1611.9	776.6	268
360.804	0.894	L	980180	981073	923.1	339.0	1271
361.797	0.035	R	981173	981207	1885.7	831.7	459
361.949	0.122	R	981325	981446	1929.3	793.8	461
362.14	0.032	R	981516	981547	1955.2	774.7	460
362.208	0.073	R	981584	981656	1945.5	779.1	475
362.333	0.033	R	981709	981741	1908.0	806.8	486
362.383	0.058	R	981759	981816	1924.9	781.5	469
361.746	0.706	L	981122	981827	1551.2	330.3	1237
362.549	0.027	L	981925	981951	1305.5	687.2	1160
362.383	0.383	R	981759	982141	1816.6	958.6	343
362.549	0.394	L	981925	982318	835.2	463.5	1354
363.219	0.072	R	982595	982666	1697.1	775.2	183
363.394	0.334	R	982770	983103	1690.5	773.0	195
363.76	0.197	R	983136	983332	1686.1	779.1	193
364.01	0.269	R	983386	983654	1698.9	787.3	203
364.303	0.026	R	983679	983704	1678.4	814.4	214
364.387	0.186	R	983763	983948	1678.1	807.5	210
365.2	0.031	L	984576	984606	925.4	293.0	1185
365.283	0.055	L	984659	984713	931.8	285.5	1157
364.598	0.743	R	983974	984716	1684.6	750.2	181
365.37	0.122	L	984746	984867	1184.1	284.5	1139
365.479	0.021	R	984855	984875	1719.3	823.7	213
365.539	0.692	R	984915	985606	-64.6	798.8	114
366.245	0.052	R	985621	985672	-81.9	833.2	130
366.439	0.393	R	985815	986207	-56.3	805.8	175
366.901	0.063	R	986277	986339	1615.6	763.0	275
367.031	0.023	R	986407	986429	1009.1	589.7	623
367.098	0.823	R	986474	987296	946.7	510.8	606
366.854	1.076	L	986230	987305	935.3	401.7	1281
368.594	0.091	L	987970	988060	1001.2	882.8	1057
368.55	0.137	R	987926	988062	908.2	796.2	818
371.194	0.03	R	990570	990599	955.2	631.7	882
371.194	0.05	L	990570	990619	970.2	654.6	1078
371.527	0.039	R	990903	990941	943.9	647.9	811
371.58	0.267	R	990956	991222	978.4	680.8	748
371.461	0.519	L	990837	991355	995.3	713.5	916
372.354	0.11	R	991730	991839	976.7	528.3	758
372.367	0.098	L	991743	991840	980.4	558.2	999
372.479	0.322	R	991855	992176	939.9	539.4	828
372.817	0.091	R	992193	992283	967.0	441.4	952
372.479	0.48	L	991855	992334	925.0	560.9	1021
373.042	0.163	L	992418	992580	1516.8	634.2	979
373.229	0.395	L	992605	992999	1561.0	622.3	1039
373.726	0.058	L	993102	993159	851.9	596.0	1150
373.816	0.156	L	993192	993347	629.6	579.2	1131
374.116	0.093	L	993492	993584	643.4	585.0	1140
374.489	0.03	L	993865	993894	707.0	499.7	1161
374.535	0.034	L	993911	993944	701.5	419.4	1309
374.597	0.146	L	993973	994118	984.1	542.7	1207
375.149	0.096	L	994525	994620	953.1	640.6	1006
375.262	0.342	L	994638	994979	997.7	600.7	999
375.871	0.025	L	995247	995271	1105.4	688.3	984
376.004	0.102	L	995380	995481	1058.8	585.2	928
376.163	0.637	L	995539	996175	987.5	597.1	940
377.065	0.063	L	996441	996503	968.8	566.9	889
377.144	1.296	L	996520	997815	990.9	598.0	942
378.455	0.128	L	997831	997958	1028.0	607.4	933
378.861	0.021	R	998237	998257	61.1	1291.6	1927
379.035	0.817	R	998411	999227	994.7	649.2	758
378.597	1.257	L	997973	999229	1007.1	600.4	927
380.141	0.082	L	999517	999598	1080.2	462.2	1148
380.178	0.046	R	999554	999599	1069.7	526.7	923
380.239	0.022	L	999615	999636	991.9	436.5	1199
380.277	0.415	L	999653	1000067	1005.7	586.2	905
380.24	0.452	R	999616	1000067	982.1	642.8	642
380.729	0.181	L	1000105	1000285	1309.8	644.8	864
380.972	0.036	L	1000348	1000383	1440.1	1413.4	308
381.038	0.065	L	1000414	1000478	1472.7	1531.3	271
380.718	0.406	R	1000094	1000499	1300.3	691.2	538
381.188	0.475	R	1000564	1001038	687.9	674.6	666
381.804	0.048	R	1001180	1001227	971.1	558.5	503
381.882	0.03	R	1001258	1001287	988.8	544.4	501
381.954	0.162	R	1001330	1001491	1295.5	625.4	770
382.203	0.314	R	1001579	1001892	1242.6	579.9	632
382.557	0.048	R	1001933	1001980	1350.2	602.4	547
383.713	0.11	R	1003089	1003198	1324.8	714.8	501
383.891	0.06	R	1003267	1003326	1289.4	600.4	544
383.966	0.041	R	1003342	1003382	1317.3	637.5	478
384.06	0.057	R	1003436	1003492	1295.9	582.6	520
384.186	0.051	R	1003562	1003612	1336.0	659.0	483
384.308	0.023	R	1003684	1003706	1236.9	535.1	609
384.389	0.17	R	1003765	1003934	1290.7	637.9	522
385.107	0.024	R	1004483	1004506	1218.2	793.5	581
385.919	0.116	R	1005295	1005410	1249.7	611.1	529
386.165	0.069	R	1005541	1005609	1311.8	634.4	454
386.264	0.268	R	1005640	1005907	1326.7	616.9	457
386.551	0.029	R	1005927	1005955	1220.6	513.5	571
386.629	0.33	R	1006005	1006334	978.9	683.6	593
386.975	0.621	R	1006351	1006971	963.5	611.7	557
386.767	0.83	L	1006143	1006972	987.3	570.0	803
387.616	0.134	R	1006992	1007125	912.1	610.5	559
387.617	0.425	L	1006993	1007417	965.2	560.7	797
387.766	0.277	R	1007142	1007418	952.4	575.6	604
388.082	0.064	R	1007458	1007521	771.0	838.1	663
388.083	0.064	L	1007459	1007522	837.3	841.1	909
388.182	0.202	R	1007558	1007759	982.6	559.6	648
388.18	0.205	L	1007556	1007760	1006.5	551.3	949
388.43	0.104	R	1007806	1007909	1507.5	565.5	634
388.428	0.108	L	1007804	1007911	1515.6	575.7	952
388.557	0.113	L	1007933	1008045	1633.2	557.3	972
388.556	0.114	R	1007932	1008045	1629.0	564.6	643
388.686	0.304	R	1008062	1008365	1591.8	545.1	656
388.687	0.322	L	1008063	1008384	1593.4	562.3	991
389.291	0.046	L	1008667	1008712	1515.7	444.9	1023
389.481	0.313	L	1008857	1009169	1582.8	524.7	1114
389.481	0.314	R	1008857	1009170	1576.4	483.2	671
389.841	0.112	R	1009217	1009328	1040.4	511.8	661
389.841	0.114	L	1009217	1009330	1032.8	548.1	1096
389.972	0.072	R	1009348	1009419	952.0	535.4	630
389.972	0.222	L	1009348	1009569	939.9	563.3	1064
390.06	0.134	R	1009436	1009569	908.1	533.5	598
390.208	1.896	L	1009584	1011479	956.2	542.7	1037
392.119	3.97	L	1011495	1015464	956.8	532.2	965
390.21	5.879	R	1009586	1015464	952.1	528.2	534
396.121	0.126	L	1015497	1015622	668.1	500.1	1014
396.122	0.125	R	1015498	1015622	627.7	565.4	578
396.295	0.051	R	1015671	1015721	1198.3	576.2	574
396.295	0.055	L	1015671	1015725	1215.3	531.9	1004
396.426	0.235	R	1015802	1016036	1238.6	612.0	607
396.412	0.251	L	1015788	1016038	1264.5	574.7	1035
397.173	0.048	L	1016549	1016596	1011.0	518.8	959
397.174	0.049	R	1016550	1016598	981.8	531.3	581
397.258	0.177	R	1016634	1016810	638.4	573.4	643
397.258	0.178	L	1016634	1016811	701.2	540.1	992
397.468	0.177	L	1016844	1017020	1025.5	579.4	855
397.467	0.18	R	1016843	1017022	981.8	538.7	574
397.664	0.698	L	1017040	1017737	971.4	545.2	825
397.663	0.699	R	1017039	1017737	936.1	517.9	534
398.377	1.413	R	1017753	1019165	932.7	532.6	564
398.379	1.412	L	1017755	1019166	970.7	593.2	749
399.839	0.11	L	1019215	1019324	1669.2	583.8	670
399.838	0.111	R	1019214	1019324	1624.3	541.8	518
399.964	0.734	L	1019340	1020073	1598.1	573.5	727
399.965	0.733	R	1019341	1020073	1568.1	528.6	574
400.843	0.169	L	1020219	1020387	1592.4	559.4	727
400.843	0.169	R	1020219	1020387	1574.3	526.5	564
401.058	0.149	R	1020434	1020582	1017.3	517.0	628
401.058	0.15	L	1020434	1020583	1039.4	568.9	779
401.227	0.248	L	1020603	1020850	962.8	554.3	895
401.227	0.263	R	1020603	1020865	941.5	555.1	662
401.555	0.709	L	1020931	1021639	956.2	500.2	1041
401.528	0.736	R	1020904	1021639	932.7	543.5	642
402.279	0.483	L	1021655	1022137	943.6	508.4	1080
402.279	1.202	R	1021655	1022856	927.7	547.3	675
402.776	0.706	L	1022152	1022857	956.1	552.6	1055
403.529	0.197	L	1022905	1023101	354.3	573.5	1017
403.539	0.188	R	1022915	1023102	333.2	594.8	749
403.75	0.652	L	1023126	1023777	517.4	611.8	910
403.75	0.652	R	1023126	1023777	471.3	594.3	708
404.527	0.257	R	1023903	1024159	456.6	602.3	659
404.527	0.258	L	1023903	1024160	519.0	602.4	841
404.826	0.131	R	1024202	1024332	974.2	532.9	606
404.827	0.134	L	1024203	1024336	1019.9	576.1	825
404.976	0.425	R	1024352	1024776	921.6	545.2	630
405.417	1.66	R	1024793	1026452	936.4	533.9	644
404.975	2.103	L	1024351	1026453	952.6	564.9	939
407.12	0.095	L	1026496	1026590	1488.4	579.8	838
407.12	0.096	R	1026496	1026591	1486.9	527.9	595
407.273	0.16	L	1026649	1026808	727.8	529.8	892
407.277	0.156	R	1026653	1026808	693.4	533.7	639
407.468	0.587	L	1026844	1027430	415.9	536.8	861
407.469	0.586	R	1026845	1027430	366.5	598.2	660
408.199	0.243	L	1027575	1027817	1174.1	555.5	770
408.199	0.243	R	1027575	1027817	1152.1	487.8	568
408.472	0.144	L	1027848	1027991	922.6	585.6	802
408.474	0.142	R	1027850	1027991	884.7	537.3	614
408.63	0.145	L	1028006	1028150	955.9	588.1	815
408.631	0.157	R	1028007	1028163	926.5	536.1	614
408.817	0.023	L	1028193	1028215	307.6	913.5	338
408.84	0.16	R	1028216	1028375	915.9	520.8	600
408.864	0.137	L	1028240	1028376	934.3	566.1	833
409.353	0.642	R	1028729	1029370	927.3	491.5	522
410.01	4.762	R	1029386	1034147	913.4	521.6	537
409.35	5.423	L	1028726	1034148	965.0	579.7	811
414.805	0.169	L	1034181	1034349	1257.0	609.1	781
414.988	0.758	L	1034364	1035121	1289.1	599.7	774
414.804	0.942	R	1034180	1035121	1261.4	510.6	521
415.89	0.298	L	1035266	1035563	1296.4	600.0	702
415.89	0.299	R	1035266	1035564	1268.2	512.0	486
416.219	0.132	L	1035595	1035726	1025.0	570.8	780
416.365	0.435	L	1035741	1036175	985.1	564.9	791
416.222	0.579	R	1035598	1036176	937.6	508.9	510
416.845	0.158	L	1036221	1036378	1341.8	519.5	731
416.845	0.158	R	1036221	1036378	1296.2	414.5	498
417.022	0.143	L	1036398	1036540	1405.3	485.0	727
417.022	0.144	R	1036398	1036541	1357.8	370.5	503
417.21	1.232	L	1036586	1037817	982.7	577.5	797
417.211	1.231	R	1036587	1037817	922.0	513.9	499
418.49	0.104	L	1037866	1037969	494.5	530.6	846
418.49	0.105	R	1037866	1037970	439.3	565.6	572
418.618	0.799	L	1037994	1038792	355.1	487.2	883
418.619	0.798	R	1037995	1038792	295.3	600.8	578
419.561	0.13	L	1038937	1039066	379.7	503.4	843
419.563	0.128	R	1038939	1039066	296.2	588.1	528
419.743	1.793	L	1039119	1040911	993.9	574.8	825
419.742	1.794	R	1039118	1040911	925.7	517.9	514
421.557	0.161	R	1040933	1041093	798.9	516.7	525
421.557	0.162	L	1040933	1041094	870.3	556.0	839
421.741	0.351	L	1041117	1041467	990.2	584.6	732
421.741	0.351	R	1041117	1041467	928.2	516.9	479
422.138	0.102	L	1041514	1041615	467.5	544.4	728
422.139	0.101	R	1041515	1041615	400.7	568.5	507
422.26	0.827	L	1041636	1042462	358.6	527.0	757
422.259	0.828	R	1041635	1042462	289.6	595.7	512
423.212	0.262	L	1042588	1042849	330.4	509.2	879
423.214	0.26	R	1042590	1042849	267.5	579.8	553
423.523	0.132	L	1042899	1043030	932.6	582.6	873
423.522	0.133	R	1042898	1043030	867.6	519.7	523
423.671	2.103	L	1043047	1045149	980.9	604.4	779
423.67	2.104	R	1043046	1045149	923.3	520.1	492
425.807	0.933	L	1045183	1046115	1298.1	579.4	670
425.81	0.93	R	1045186	1046115	1269.5	505.4	440
426.884	0.302	L	1046260	1046561	1303.9	580.8	645
426.884	0.304	R	1046260	1046563	1275.2	508.1	437
427.218	0.139	L	1046594	1046732	1029.2	586.9	663
427.221	0.136	R	1046597	1046732	980.6	496.9	446
427.374	3.384	L	1046750	1050133	993.0	590.7	670
427.374	3.404	R	1046750	1050153	918.8	486.7	425
430.802	0.023	R	1050178	1050200	1521.7	547.0	122
430.782	2.745	L	1050158	1052902	989.3	563.7	673
430.857	2.671	R	1050233	1052903	922.0	468.2	418
433.57	0.203	L	1052946	1053148	571.2	628.8	626
433.572	0.203	R	1052948	1053150	479.5	634.3	445
433.794	0.622	L	1053170	1053791	670.4	608.5	691
433.793	0.623	R	1053169	1053791	569.4	593.3	462
434.559	0.326	R	1053935	1054260	824.6	470.1	444
434.559	0.328	L	1053935	1054262	933.2	565.2	660
434.904	1.853	R	1054280	1056132	908.8	499.3	431
434.903	1.859	L	1054279	1056137	990.9	605.6	643
436.991	0.383	R	1056367	1056749	923.3	472.8	357
437.024	4.094	L	1056400	1060493	993.4	613.7	733
437.393	3.725	R	1056769	1060493	928.0	589.7	522
441.15	0.122	L	1060526	1060647	720.2	607.0	809
441.153	0.119	R	1060529	1060647	636.8	559.3	602
441.289	0.801	L	1060665	1061465	668.3	599.8	783
441.288	0.802	R	1060664	1061465	590.7	571.8	587
442.231	0.152	L	1061607	1061758	676.4	596.2	794
442.231	0.152	R	1061607	1061758	585.2	587.5	584
442.418	1.401	L	1061794	1063194	966.3	599.3	737
442.422	1.397	R	1061798	1063194	911.7	552.5	524
443.839	0.216	R	1063215	1063430	1026.3	529.8	561
443.839	0.217	L	1063215	1063431	1052.2	576.8	773
444.076	3.887	R	1063452	1067338	931.2	547.0	501
444.077	3.887	L	1063453	1067339	976.8	609.8	678
447.98	0.122	R	1067356	1067477	983.3	554.3	534
447.981	0.122	L	1067357	1067478	1029.6	616.0	703
448.121	0.669	L	1067497	1068165	988.7	615.3	716
448.121	0.669	R	1067497	1068165	930.7	568.6	541
448.827	0.125	R	1068203	1068327	642.4	593.7	532
448.826	0.938	L	1068202	1069139	689.7	625.3	710
448.966	0.798	R	1068342	1069139	608.7	585.1	535
449.91	0.294	R	1069286	1069579	610.7	588.6	520
449.91	0.295	L	1069286	1069580	688.7	604.6	704
450.234	0.757	L	1069610	1070366	974.0	610.4	666
450.233	0.759	R	1069609	1070367	911.9	565.2	478
451.332	4.18	R	1070708	1074887	911.0	539.0	483
455.527	0.117	R	1074903	1075019	958.7	513.9	495
451.32	5.143	L	1070696	1075838	975.5	603.9	798
455.659	0.804	R	1075035	1075838	933.9	537.5	520
456.5	0.842	L	1075876	1076717	1288.0	606.5	787
456.5	0.843	R	1075876	1076718	1253.8	511.6	511
457.391	0.047	L	1076767	1076813	871.3	528.2	810
457.392	0.046	R	1076768	1076813	807.7	465.9	510
457.582	0.245	L	1076958	1077202	861.6	545.5	834
457.582	0.245	R	1076958	1077202	798.5	490.3	517
457.866	0.101	L	1077242	1077342	1272.5	581.1	806
457.865	0.103	R	1077241	1077343	1238.9	508.8	534
457.996	0.399	L	1077372	1077770	983.9	576.5	842
457.998	0.414	R	1077374	1077787	938.6	519.5	538
458.729	0.031	L	1078105	1078135	875.4	262.9	1091
458.733	1.408	R	1078109	1079516	939.5	521.0	523
458.846	1.296	L	1078222	1079517	977.2	559.2	860
460.176	0.409	L	1079552	1079960	1284.0	601.3	816
460.181	0.405	R	1079557	1079961	1259.3	539.1	521
460.632	0.263	L	1080008	1080270	803.5	599.1	771
460.635	0.262	R	1080011	1080272	738.6	567.3	490
460.932	0.177	L	1080308	1080484	586.7	477.7	1195
460.928	0.181	R	1080304	1080484	540.3	597.2	565
461.25	0.267	L	1080626	1080892	607.3	529.1	1196
461.25	0.332	R	1080626	1080957	552.1	603.5	616
461.535	0.049	L	1080911	1080959	604.7	606.6	820
461.62	0.357	L	1080996	1081352	957.5	621.0	807
461.619	0.358	R	1080995	1081352	911.4	576.0	613
462.25	0.056	L	1081626	1081681	912.2	535.8	914
462.321	4.349	L	1081697	1086045	992.4	587.1	779
466.697	0.018	L	1086073	1086090	983.8	553.7	926
466.748	0.04	L	1086124	1086163	962.2	355.0	1155
466.807	1.115	L	1086183	1087297	992.2	593.9	763
462.321	5.602	R	1081697	1087298	930.9	555.9	496
467.971	0.133	R	1087347	1087479	329.5	585.9	513
468.002	0.103	L	1087378	1087480	412.0	367.4	870
468.12	0.062	L	1087496	1087557	369.8	366.2	892
468.213	0.065	L	1087589	1087653	370.3	384.0	907
468.12	0.713	R	1087496	1088208	280.7	599.3	559
468.975	0.31	R	1088351	1088660	281.1	595.0	548
468.975	0.312	L	1088351	1088662	386.7	335.9	1023
469.332	0.126	L	1088708	1088833	957.2	573.1	876
469.33	0.128	R	1088706	1088833	885.7	540.6	509
469.473	1.041	L	1088849	1089889	997.1	580.7	850
469.473	1.068	R	1088849	1089916	919.7	555.7	510
470.544	0.977	L	1089920	1090896	979.9	481.1	1047
470.566	0.956	R	1089942	1090897	922.1	546.8	523
471.597	0.085	L	1090973	1091057	648.7	501.8	1060
471.696	0.328	L	1091072	1091399	659.1	520.9	1150
472.066	0.068	L	1091442	1091509	652.6	492.0	1209
471.559	0.585	R	1090935	1091519	576.3	581.8	608
472.236	0.07	L	1091612	1091681	633.4	321.1	1244
472.324	0.179	L	1091700	1091878	664.3	491.4	1218
472.233	0.27	R	1091609	1091878	596.7	558.8	636
472.614	0.069	L	1091990	1092058	663.0	550.0	936
472.614	0.28	R	1091990	1092269	572.3	562.3	660
472.711	0.185	L	1092087	1092271	656.4	558.9	916
472.933	0.516	L	1092309	1092824	965.7	571.4	832
473.463	1.728	L	1092839	1094566	925.3	540.9	858
472.932	2.259	R	1092308	1094566	891.0	492.4	619
475.246	0.894	L	1094622	1095515	1625.4	437.0	651
475.245	0.895	R	1094621	1095515	1606.8	410.8	567
476.664	0.105	R	1096040	1096144	1064.1	213.1	537
476.79	0.184	R	1096166	1096349	950.4	285.8	519
477.302	0.021	L	1096678	1096698	1009.5	521.1	610
477.688	0.288	R	1097064	1097351	965.6	261.8	245
477.797	0.236	L	1097173	1097408	913.7	389.2	660
477.99	0.504	R	1097366	1097869	938.6	343.3	507
478.16	0.345	L	1097536	1097880	941.6	495.9	811
478.87	0.058	L	1098246	1098303	972.4	406.5	1032
478.901	0.028	R	1098277	1098304	995.2	482.9	499
478.984	0.103	R	1098360	1098462	391.5	573.9	584
479.103	0.724	R	1098479	1099202	249.3	550.3	553
479.972	0.321	R	1099348	1099668	249.7	583.9	575
480.343	0.205	L	1099719	1099923	908.2	327.7	1143
480.344	0.319	R	1099720	1100038	937.0	442.9	523
480.573	0.188	L	1099949	1100136	935.4	323.2	1144
480.702	0.065	R	1100078	1100142	1619.1	745.8	179
481.137	0.025	R	1100513	1100537	-873.1	806.6	398
481.674	0.192	L	1101050	1101241	934.3	393.7	1117
481.925	0.13	L	1101301	1101430	937.0	392.7	1113
482.206	0.021	L	1101582	1101602	928.3	384.9	1160
482.686	0.543	L	1102062	1102604	937.1	348.2	1064
483.263	1.245	L	1102639	1103883	936.3	292.4	986
486.451	0.021	L	1105827	1105847	931.5	362.7	1180
488.133	0.08	L	1107509	1107588	1027.8	422.8	1129
488.994	0.026	L	1108370	1108395	977.0	305.9	1148
491.837	0.045	L	1111213	1111257	967.4	397.5	1195
491.913	0.061	L	1111289	1111349	968.6	391.6	1207
495.854	0.026	L	1115230	1115255	916.7	352.3	1245
498.094	0.123	R	1117470	1117592	356.5	504.7	858
498.232	0.221	R	1117608	1117828	308.1	471.0	830
498.591	0.288	L	1117967	1118254	1465.9	520.8	860
499.021	0.294	L	1118397	1118690	1453.3	542.1	905
499.486	0.155	L	1118862	1119016	906.8	296.4	1200
499.667	0.036	L	1119043	1119078	898.4	287.2	1218
499.786	0.094	L	1119162	1119255	926.5	281.2	1256
500.129	0.012	L	1119505	1119516	957.8	452.8	1090
500.633	2.726	R	1120009	1122734	918.3	501.6	712
503.385	0.462	R	1122761	1123222	931.2	461.6	728
500.155	5.501	L	1119531	1125031	965.9	576.7	714
503.862	1.794	R	1123238	1125031	934.3	502.8	572
505.707	0.113	R	1125083	1125195	251.6	554.5	488
505.707	0.114	L	1125083	1125196	303.3	534.4	624
505.873	0.028	R	1125249	1125276	862.8	499.0	461
505.873	0.029	L	1125249	1125277	903.6	586.0	622
505.949	0.605	L	1125325	1125929	1530.9	553.8	624
505.947	0.607	R	1125323	1125929	1501.0	497.6	493
506.698	0.144	R	1126074	1126217	1217.3	514.4	519
506.698	0.145	L	1126074	1126218	1263.9	581.1	655
506.865	0.18	R	1126241	1126420	1326.3	418.8	517
506.865	0.181	L	1126241	1126421	1383.6	490.8	686
507.082	0.111	L	1126458	1126568	1039.3	595.6	728
507.083	0.11	R	1126459	1126568	983.6	524.9	535
507.212	2.054	L	1126588	1128641	951.4	578.3	748
507.211	2.055	R	1126587	1128641	919.5	492.7	555
509.295	0.166	L	1128671	1128836	730.8	607.6	692
509.476	0.086	L	1128852	1128937	688.2	605.6	654
509.299	0.264	R	1128675	1128938	653.1	513.0	536
509.616	0.625	L	1128992	1129616	1337.4	615.0	613
509.614	0.627	R	1128990	1129616	1311.0	534.5	471
555.734	0.31	L	1175110	1175419	1018.0	548.8	1368
555.753	0.292	R	1175129	1175420	3226.0	-353.7	2340
556.065	0.095	R	1175441	1175535	3000.6	-256.0	2144
556.174	0.079	R	1175550	1175628	2892.0	-211.9	2049
556.281	0.343	R	1175657	1175999	983.6	545.0	1136
557.504	3.85	R	1176880	1180729	954.1	496.4	1036
556.064	5.291	L	1175440	1180730	877.8	520.1	1458
561.379	0.126	L	1180755	1180880	925.5	488.5	1546
561.378	0.128	R	1180754	1180881	996.3	456.0	1020
561.522	0.753	L	1180898	1181650	898.7	514.6	1458
561.522	0.753	R	1180898	1181650	959.9	454.6	966
562.317	0.031	L	1181693	1181723	634.0	455.2	1415
562.363	0.029	L	1181739	1181767	629.1	411.4	1468
562.307	0.11	R	1181683	1181792	680.9	500.0	859
562.435	0.715	R	1181811	1182525	615.7	503.9	877
562.432	0.722	L	1181808	1182529	575.6	481.3	1476
563.201	0.06	L	1182577	1182636	973.8	549.0	1271
563.2	0.061	R	1182576	1182636	1017.2	454.7	852
563.404	0.078	L	1182780	1182857	961.9	526.9	1343
563.404	0.079	R	1182780	1182858	1006.0	443.1	890
563.502	0.213	L	1182878	1183090	1060.7	525.5	1359
563.502	0.213	R	1182878	1183090	1100.8	433.6	897
563.738	5.491	L	1183114	1188604	897.8	518.3	1361
569.317	0.05	L	1188693	1188742	862.1	315.4	1729
569.51	0.089	L	1188886	1188974	844.6	287.3	1739
569.639	0.188	L	1189015	1189202	844.5	268.4	1758
563.738	6.234	R	1183114	1189347	949.5	478.5	906
569.861	0.112	L	1189237	1189348	854.6	282.4	1736
570.004	0.931	L	1189380	1190310	1223.2	491.5	1395
570.004	0.931	R	1189380	1190310	1290.4	456.6	856
571.083	0.276	L	1190459	1190734	1224.5	552.8	1116
571.083	0.276	R	1190459	1190734	1289.0	503.4	724
571.428	2.27	L	1190804	1193073	924.9	515.7	1199
573.712	3.26	L	1193088	1196347	928.2	457.0	1358
571.395	5.577	R	1190771	1196347	954.2	499.1	814
576.986	0.449	L	1196362	1196810	927.8	413.3	1346
577.468	0.18	L	1196844	1197023	970.6	532.1	1160
576.986	0.663	R	1196362	1197024	961.7	498.9	725
577.691	0.069	R	1197067	1197135	689.3	556.3	787
577.795	0.025	R	1197171	1197195	695.0	358.3	1020
577.835	0.086	R	1197211	1197296	686.7	227.4	1154
578.042	0.035	R	1197418	1197452	685.6	203.2	1211
577.778	0.783	L	1197154	1197936	640.7	500.5	1306
578.575	0.051	L	1197951	1198001	654.0	579.4	1141
578.339	0.287	R	1197715	1198001	655.7	590.5	865
578.773	0.008	R	1198149	1198156	668.2	608.9	856
578.773	0.021	L	1198149	1198169	665.3	608.3	1116
578.971	0.069	L	1198347	1198415	692.5	622.0	1058
579.005	0.042	R	1198381	1198422	672.8	604.8	830
579.058	0.045	L	1198434	1198478	689.3	696.0	996
579.065	0.038	R	1198441	1198478	662.3	655.2	820
579.141	0.14	R	1198517	1198656	1010.9	634.1	769
579.142	0.14	L	1198518	1198657	1038.8	675.7	972
579.297	0.137	L	1198673	1198809	997.1	725.9	921
579.3	0.135	R	1198676	1198810	968.0	690.4	751
579.45	0.296	R	1198826	1199121	934.2	588.9	849
579.925	1.432	R	1199301	1200732	936.4	568.7	827
579.485	1.873	L	1198861	1200733	952.4	616.6	923
581.436	0.114	R	1200812	1200925	1591.0	552.3	785
581.407	0.906	L	1200783	1201688	1569.0	593.8	837
582.455	0.315	L	1201831	1202145	1554.1	600.7	841
582.816	1.486	L	1202192	1203677	957.0	625.0	879
584.318	0.126	L	1203694	1203819	919.3	614.6	887
584.458	0.736	L	1203834	1204569	942.9	611.0	874
584.673	0.521	R	1204049	1204569	923.2	540.6	836
585.217	3.918	L	1204593	1208510	959.2	616.4	810
585.216	3.92	R	1204592	1208511	915.7	544.0	632
589.168	0.087	L	1208544	1208630	663.0	615.2	832
589.171	0.085	R	1208547	1208631	611.3	575.9	683
589.278	0.227	L	1208654	1208880	551.3	627.4	918
589.277	0.228	R	1208653	1208880	498.8	590.9	750
589.528	0.459	L	1208904	1209362	680.9	603.1	932
589.529	0.458	R	1208905	1209362	635.8	553.3	706
590.114	0.05	L	1209490	1209539	693.5	616.3	833
590.114	0.052	R	1209490	1209541	632.7	570.1	656
590.19	0.25	L	1209566	1209815	819.0	484.2	835
590.191	0.249	R	1209567	1209815	758.4	415.8	652
590.465	1.123	L	1209841	1210963	943.9	598.5	901
590.465	5.463	R	1209841	1215303	913.3	557.4	685
591.602	4.327	L	1210978	1215304	946.1	604.1	908
595.945	0.159	R	1215321	1215479	888.2	583.5	621
595.943	0.71	L	1215319	1216028	952.8	604.4	832
596.118	0.536	R	1215494	1216029	925.2	555.4	649
596.701	0.101	L	1216077	1216177	465.2	609.1	802
596.7	0.103	R	1216076	1216178	447.7	636.0	670
596.825	0.247	L	1216201	1216447	331.0	580.2	812
596.824	0.248	R	1216200	1216447	316.4	618.9	694
597.138	0.507	L	1216514	1217020	1213.2	596.7	844
597.135	0.51	R	1216511	1217020	1189.7	528.7	657
597.753	0.397	R	1217129	1217525	1203.3	551.1	661
597.753	0.399	L	1217129	1217527	1203.6	572.8	854
598.18	0.633	L	1217556	1218188	949.5	580.0	909
598.179	0.648	R	1217555	1218202	936.9	566.5	694
599.16	4.771	L	1218536	1223306	962.1	598.9	860
599.042	4.889	R	1218418	1223306	923.3	576.4	649
603.945	0.56	L	1223321	1223880	967.8	594.7	883
603.945	0.56	R	1223321	1223880	945.8	559.3	655
604.533	0.228	L	1223909	1224136	748.4	617.3	855
604.532	0.229	R	1223908	1224136	711.5	584.3	654
604.795	0.49	L	1224171	1224660	524.0	608.9	836
604.788	0.497	R	1224164	1224660	474.1	631.0	640
605.393	0.328	L	1224769	1225096	520.5	598.8	761
605.393	0.328	R	1224769	1225096	452.9	625.8	570
605.762	0.681	R	1225138	1225818	936.5	566.0	569
605.764	0.691	L	1225140	1225830	984.4	574.8	800
606.697	0.023	L	1226073	1226095	911.6	355.6	1210
606.699	3.141	R	1226075	1229215	958.7	565.6	558
609.854	0.324	R	1229230	1229553	922.1	560.6	523
610.193	0.583	R	1229569	1230151	950.5	555.3	530
606.833	3.945	L	1226209	1230153	971.7	618.8	749
610.792	0.117	L	1230168	1230284	940.1	622.5	717
610.924	1.016	L	1230300	1231315	969.0	633.8	709
610.792	1.148	R	1230168	1231315	931.6	554.4	514
611.969	0.116	L	1231345	1231460	734.8	643.5	720
611.971	0.114	R	1231347	1231460	689.1	573.5	551
612.105	0.821	L	1231481	1232301	649.3	655.4	685
612.104	0.822	R	1231480	1232301	613.4	581.8	539
613.068	0.16	L	1232444	1232603	667.3	648.0	722
613.068	0.172	R	1232444	1232615	608.0	580.9	564
613.525	0.026	L	1232901	1232926	884.1	511.1	956
613.565	0.645	L	1232941	1233585	937.3	537.7	953
613.609	0.602	R	1232985	1233586	892.6	509.4	614
614.505	0.653	L	1233881	1234533	961.4	662.9	826
614.455	0.703	R	1233831	1234533	924.9	601.8	564
616.986	0.048	R	1236362	1236409	391.3	712.0	748
616.988	0.047	L	1236364	1236410	386.7	671.7	869
617.078	0.103	R	1236454	1236556	972.7	669.5	698
617.079	0.115	L	1236455	1236569	983.5	679.6	869
617.486	0.067	L	1236862	1236928	965.4	652.4	865
617.568	0.096	L	1236944	1237039	962.7	621.5	872
617.69	5.701	L	1237066	1242766	965.8	636.0	858
617.523	5.869	R	1236899	1242767	935.0	608.1	710
623.442	0.181	R	1242818	1242998	356.4	632.1	807
623.441	0.813	L	1242817	1243629	375.9	577.7	926
623.639	0.615	R	1243015	1243629	324.3	640.6	723
624.398	0.324	L	1243774	1244097	365.6	573.6	891
624.398	0.324	R	1243774	1244097	327.1	641.7	677
624.769	0.147	L	1244145	1244291	931.1	605.8	907
624.768	0.149	R	1244144	1244292	885.8	578.7	682
624.932	0.443	R	1244308	1244750	927.6	587.2	686
624.932	0.465	L	1244308	1244772	971.8	600.2	889
625.584	0.152	L	1244960	1245111	954.2	437.5	1131
625.814	0.029	L	1245190	1245218	935.7	348.2	1292
625.859	0.156	L	1245235	1245390	940.9	388.6	1227
625.611	5.293	R	1244987	1250279	947.7	620.0	680
626.08	4.825	L	1245456	1250280	963.7	638.7	904
630.928	0.036	L	1250304	1250339	870.5	667.6	911
630.929	0.035	R	1250305	1250339	855.3	627.2	684
631.004	0.131	L	1250380	1250510	1237.2	640.2	880
631.003	0.132	R	1250379	1250510	1243.9	620.8	652
631.151	0.777	L	1250527	1251303	1284.6	658.4	849
631.151	0.777	R	1250527	1251303	1289.0	640.4	645
632.053	0.295	L	1251429	1251723	1284.0	654.1	853
632.053	0.296	R	1251429	1251724	1273.7	637.3	661
632.382	0.294	R	1251758	1252051	964.7	638.8	686
632.38	0.319	L	1251756	1252074	985.6	644.8	896
632.971	0.378	L	1252347	1252724	939.5	434.8	1234
633.363	0.046	L	1252739	1252784	909.0	307.3	1379
633.497	0.342	L	1252873	1253214	975.6	635.8	952
633.038	0.801	R	1252414	1253214	957.9	623.2	637
633.898	0.155	L	1253274	1253428	1498.2	1075.9	1047
634.11	0.032	L	1253486	1253517	1498.6	1073.8	1016
633.883	0.259	R	1253259	1253517	1334.9	1066.7	629
634.209	0.01	L	1253585	1253594	954.9	386.3	1237
634.238	0.086	L	1253614	1253699	1029.4	693.3	905
634.188	0.136	R	1253564	1253699	1017.0	664.4	623
634.345	1.144	L	1253721	1254864	956.7	644.4	883
634.344	1.145	R	1253720	1254864	954.5	627.0	657
637.281	1.347	L	1256657	1258003	941.8	644.0	856
637.281	1.348	R	1256657	1258004	946.2	601.0	654
638.668	0.918	L	1258044	1258961	1260.8	600.8	800
638.668	0.918	R	1258044	1258961	1256.1	566.5	640
639.711	0.284	L	1259087	1259370	1252.2	604.5	804
639.711	0.284	R	1259087	1259370	1249.1	548.5	630
640.028	0.194	R	1259404	1259597	965.7	562.7	617
640.241	2.922	R	1259617	1262538	949.9	538.2	607
640.028	3.215	L	1259404	1262618	952.3	571.1	829
643.298	0.045	R	1262674	1262718	988.6	474.0	559
643.358	0.042	R	1262734	1262775	935.5	453.5	604
643.295	0.107	L	1262671	1262777	949.9	440.3	873
644.303	0.091	L	1263679	1263769	1034.2	689.7	709
644.885	1.377	L	1264261	1265637	967.5	622.8	829
644.885	1.377	R	1264261	1265637	958.5	594.3	590
646.311	0.1	L	1265687	1265786	438.9	605.3	883
646.311	0.1	R	1265687	1265786	441.1	610.0	751
646.432	0.812	L	1265808	1266619	340.9	603.9	875
646.432	0.812	R	1265808	1266619	336.5	615.2	772
647.386	0.294	L	1266762	1267055	370.0	619.4	876
647.386	0.294	R	1266762	1267055	357.8	616.2	772
647.729	1.45	R	1267105	1268554	947.0	584.9	791
649.237	0.123	R	1268613	1268735	955.1	519.0	762
647.73	1.656	L	1267106	1268761	961.0	610.4	928
651.06	0.314	R	1270436	1270749	1272.9	567.2	613
651.06	0.317	L	1270436	1270752	1268.8	595.6	793
651.411	0.522	R	1270787	1271308	971.7	639.7	624
651.409	0.539	L	1270785	1271323	981.1	661.4	727
652.214	0.104	L	1271590	1271693	939.4	564.6	790
652.203	0.115	R	1271579	1271693	947.7	516.6	733
652.454	0.238	L	1271830	1272067	996.1	657.2	669
652.72	0.028	L	1272096	1272123	1017.7	685.7	597
652.454	0.318	R	1271830	1272147	982.5	662.3	499
653.105	0.054	R	1272481	1272534	981.7	600.2	734
653.105	0.066	L	1272481	1272546	983.9	595.0	832
653.443	0.179	L	1272819	1272997	969.0	484.2	1062
653.672	0.14	L	1273048	1273187	389.2	549.2	1058
653.672	0.14	R	1273048	1273187	409.3	561.4	917
653.83	0.087	R	1273206	1273292	347.9	566.9	948
653.83	0.11	L	1273206	1273315	331.0	548.2	1073
654.22	0.058	L	1273596	1273653	360.0	538.8	1023
654.323	0.178	R	1273699	1273876	337.4	573.2	811
654.292	0.211	L	1273668	1273878	337.0	554.8	1041
654.73	0.273	L	1274106	1274378	1471.7	541.4	1039
655.045	0.107	L	1274421	1274527	1029.3	569.4	1046
655.174	0.485	L	1274550	1275034	940.9	567.9	1042
655.172	0.487	R	1274548	1275034	970.7	576.0	884
655.674	1.594	L	1275050	1276643	941.0	601.2	1057
655.674	1.595	R	1275050	1276644	963.5	579.6	880
657.298	0.192	L	1276674	1276865	705.1	591.8	989
657.3	0.19	R	1276676	1276865	708.7	587.5	844
657.551	0.275	L	1276927	1277201	1324.0	574.1	943
657.915	0.213	R	1277291	1277503	655.6	563.1	928
657.878	0.376	L	1277254	1277629	652.1	558.0	1051
658.15	0.104	R	1277526	1277629	670.7	461.5	1111
658.571	0.036	R	1277947	1277982	660.3	475.4	1022
658.652	0.051	R	1278028	1278078	656.1	571.5	893
658.4	0.305	L	1277776	1278080	653.4	534.0	1129
658.941	0.232	R	1278317	1278548	965.1	638.3	890
659.243	0.135	R	1278619	1278753	972.2	623.7	871
658.739	0.645	L	1278115	1278759	957.0	615.5	1042
659.48	0.087	L	1278856	1278942	970.9	547.9	1059
659.64	1.323	L	1279016	1280338	960.6	600.2	1013
659.67	1.293	R	1279046	1280338	964.8	603.9	884
661.001	0.562	L	1280377	1280938	638.5	539.8	1153
661.003	0.56	R	1280379	1280938	650.0	554.7	1026
661.617	0.239	L	1280993	1281231	1243.2	528.1	1182
661.88	0.061	L	1281256	1281316	1125.2	509.9	1203
663.234	0.103	R	1282610	1282712	980.6	432.6	868
662.301	2.044	L	1281677	1283720	949.0	508.4	1166
663.546	1.066	R	1282922	1283987	983.9	423.7	909
664.36	0.253	L	1283736	1283988	933.4	539.6	1094
664.647	0.12	L	1284023	1284142	1247.8	463.1	1009
664.694	0.073	R	1284070	1284142	1272.2	437.5	769
664.809	0.051	R	1284185	1284235	852.6	447.8	865
664.884	0.098	R	1284260	1284357	1434.3	142.6	1033
664.81	0.457	L	1284186	1284642	788.9	515.3	1162
665.043	0.299	R	1284419	1284717	1393.9	202.9	1068
665.365	0.176	R	1284741	1284916	1459.3	157.3	1176
665.283	0.312	L	1284659	1284970	746.9	510.0	1164
665.74	0.013	R	1285116	1285128	3270.0	-135.9	1939
665.832	0.023	R	1285208	1285230	3270.0	-111.9	1910
665.738	0.32	L	1285114	1285433	745.0	504.7	1189
665.885	0.173	R	1285261	1285433	746.3	462.8	894
666.086	0.37	R	1285462	1285831	952.3	509.7	869
666.512	0.317	R	1285888	1286204	973.9	510.4	1023
666.843	0.408	R	1286219	1286626	968.0	560.9	923
666.085	1.193	L	1285461	1286653	943.4	542.3	1181
667.454	0.024	L	1286830	1286853	940.5	468.7	1196
667.662	0.993	R	1287038	1288030	943.9	538.3	862
668.701	0.15	R	1288077	1288226	941.7	523.6	943
668.866	0.192	R	1288242	1288433	939.9	552.8	901
669.075	0.062	R	1288451	1288512	940.5	518.6	929
669.189	0.035	R	1288565	1288599	943.2	545.2	894
669.281	0.081	R	1288657	1288737	944.5	501.5	945
669.393	0.021	R	1288769	1288789	945.6	529.2	894
669.449	0.04	R	1288825	1288864	943.9	532.5	883
669.522	0.127	R	1288898	1289024	948.0	510.7	920
669.665	0.091	R	1289041	1289131	943.4	531.3	872
669.787	0.338	R	1289163	1289500	944.4	531.7	861
670.151	0.033	R	1289527	1289559	942.5	513.6	896
670.201	0.138	R	1289577	1289714	949.3	467.8	968
670.366	0.259	R	1289742	1290000	950.3	475.9	940
670.659	0.053	R	1290035	1290087	956.3	471.5	927
670.748	0.051	R	1290124	1290174	954.9	481.2	921
670.849	0.081	R	1290225	1290305	950.8	491.5	888
670.978	0.08	R	1290354	1290433	955.7	472.7	954
671.082	0.051	R	1290458	1290508	959.5	462.0	975
671.166	0.066	R	1290542	1290607	955.1	475.5	966
671.269	0.364	R	1290645	1291008	950.3	491.6	975
671.656	0.61	R	1291032	1291641	951.0	484.4	993
672.295	0.03	R	1291671	1291700	949.2	498.0	1005
667.492	4.841	L	1286868	1291708	950.3	570.5	1085
672.377	0.19	L	1291753	1291942	1412.4	547.4	1210
672.608	0.101	L	1291984	1292084	990.9	536.5	1261
672.757	0.512	L	1292133	1292644	1577.3	520.7	1165
673.411	0.317	L	1292787	1293103	1581.1	543.7	1008
673.959	0.155	R	1293335	1293489	959.5	569.6	938
674.303	0.046	R	1293679	1293724	964.2	562.1	953
674.408	0.029	R	1293784	1293812	969.5	559.9	958
676.657	0.066	R	1296033	1296098	985.7	510.1	1024
678.011	0.095	R	1297387	1297481	958.4	519.4	1029
678.142	0.227	R	1297518	1297744	975.4	527.1	1039
678.431	0.082	R	1297807	1297888	981.7	524.8	1043
678.637	0.042	R	1298013	1298054	987.5	511.9	1038
678.757	0.09	R	1298133	1298222	983.5	527.2	1000
673.778	6.226	L	1293154	1299379	948.2	585.7	1169
680.049	0.115	L	1299425	1299539	1528.1	584.8	1021
680.19	0.755	L	1299566	1300320	1581.4	561.4	1048
681.069	0.346	L	1300445	1300790	1576.5	559.6	1077
681.461	0.119	L	1300837	1300955	1007.7	581.8	1149
681.598	2.045	L	1300974	1303018	957.4	583.9	1101
683.681	0.336	L	1303057	1303392	641.0	576.5	1014
684.069	0.184	L	1303445	1303628	1235.7	591.0	1031
684.274	0.324	L	1303650	1303973	1157.5	598.1	1037
684.741	0.259	L	1304117	1304375	1149.7	583.3	1070
685.034	0.127	L	1304410	1304536	904.4	530.0	1123
687.079	0.281	R	1306455	1306735	968.3	523.3	720
685.179	2.182	L	1304555	1306736	966.7	559.0	1098
687.413	0.855	L	1306789	1307643	1490.0	546.3	1031
687.412	0.856	R	1306788	1307643	1488.8	542.9	713
688.393	0.504	L	1307769	1308272	1480.1	542.0	1085
688.393	0.506	R	1307769	1308274	1486.8	522.2	746
688.947	0.158	R	1308323	1308480	993.3	515.9	820
689.12	0.18	R	1308496	1308675	975.7	539.3	877
689.345	0.066	R	1308721	1308786	962.8	535.2	966
688.946	2.003	L	1308322	1310324	962.7	582.2	1034
689.437	1.513	R	1308813	1310325	963.5	549.2	692
690.984	0.31	L	1310360	1310669	1253.5	580.2	890
690.982	0.313	R	1310358	1310670	1241.3	547.2	593
691.327	0.1	L	1310703	1310802	1053.4	586.7	961
691.329	0.098	R	1310705	1310802	1029.6	533.7	657
691.454	0.468	L	1310830	1311297	1279.3	558.8	974
691.455	0.467	R	1310831	1311297	1274.2	518.7	667
692.065	0.287	L	1311441	1311727	1282.2	574.6	890
692.065	0.287	R	1311441	1311727	1265.5	523.1	622
692.387	6.329	L	1311763	1318091	979.0	586.0	951
692.389	6.329	R	1311765	1318093	947.5	535.7	653
698.769	0.545	R	1318145	1318689	536.9	590.5	796
698.768	0.547	L	1318144	1318690	566.6	573.5	1153
699.339	0.257	L	1318715	1318971	457.9	512.3	1088
699.337	0.259	R	1318713	1318971	415.6	517.2	762
699.738	0.052	R	1319114	1319165	414.2	531.0	733
699.738	0.053	L	1319114	1319166	474.9	512.5	1004
699.813	0.319	R	1319189	1319507	334.2	490.0	885
699.811	0.322	L	1319187	1319508	391.7	522.0	972
701.076	0.652	R	1320452	1321103	939.1	530.8	600
700.185	1.561	L	1319561	1321121	983.8	584.5	897
701.823	0.511	L	1321199	1321709	991.3	596.3	800
701.843	0.492	R	1321219	1321710	955.8	533.8	575
702.384	0.133	L	1321760	1321892	417.7	589.7	837
702.385	0.132	R	1321761	1321892	398.2	561.1	712
702.535	0.126	R	1321911	1322036	342.6	562.1	757
702.535	0.732	L	1321911	1322642	340.4	565.7	907
702.679	0.588	R	1322055	1322642	318.6	551.6	797
703.409	0.234	L	1322785	1323018	366.7	552.5	917
703.409	0.234	R	1322785	1323018	337.2	550.4	787
703.692	0.113	L	1323068	1323180	787.4	575.6	937
703.692	0.113	R	1323068	1323180	746.6	537.6	771
703.832	2.22	R	1323208	1325427	951.6	544.9	619
703.832	2.221	L	1323208	1325428	987.0	581.7	900
706.101	0.113	L	1325477	1325589	1484.1	513.3	875
706.101	0.113	R	1325477	1325589	1485.9	515.7	614
706.234	0.77	L	1325610	1326379	1585.6	526.5	870
706.234	0.77	R	1325610	1326379	1586.2	526.9	646
707.147	0.168	R	1326523	1326690	544.0	507.9	870
707.371	0.037	R	1326747	1326783	549.7	452.5	954
707.147	0.307	L	1326523	1326829	584.0	537.9	971
707.495	2.279	L	1326871	1329149	967.2	576.5	889
709.824	0.867	L	1329200	1330066	1579.2	544.3	806
710.835	0.292	L	1330211	1330502	1569.1	549.2	863
711.177	2.197	L	1330553	1332749	973.8	578.9	930
713.41	0.605	L	1332786	1333390	1269.2	566.0	828
714.067	0.203	L	1333443	1333645	799.1	559.8	908
714.29	0.071	L	1333666	1333736	729.8	592.1	912
707.371	7.263	R	1326747	1334009	970.6	382.8	1030
714.505	0.338	L	1333881	1334218	729.9	588.6	940
714.872	0.466	L	1334248	1334713	973.1	568.2	906
715.645	0.129	R	1335021	1335149	937.8	496.7	787
716.341	0.028	R	1335717	1335744	944.0	466.6	740
716.429	0.07	R	1335805	1335874	944.2	481.1	711
716.634	0.166	R	1336010	1336175	944.4	470.9	711
715.354	1.724	L	1334730	1336453	978.1	587.9	768
717.127	0.143	L	1336503	1336645	1632.5	560.2	687
717.349	0.081	L	1336725	1336805	552.4	603.3	851
717.409	0.021	R	1336785	1336805	509.1	507.3	875
717.458	0.573	L	1336834	1337406	329.7	621.8	901
717.455	0.576	R	1336831	1337406	307.8	601.9	788
718.156	0.319	L	1337532	1337850	335.1	613.8	843
718.156	0.319	R	1337532	1337850	299.7	601.4	734
718.521	0.106	R	1337897	1338002	804.1	549.0	664
718.522	0.107	L	1337898	1338004	873.0	587.4	872
718.652	2.118	R	1338028	1340145	939.1	550.1	607
718.652	2.12	L	1338028	1340147	976.9	572.4	831
720.79	0.166	R	1340166	1340331	875.2	524.7	512
720.79	0.169	L	1340166	1340334	924.7	583.8	651
720.976	0.377	R	1340352	1340728	936.3	546.9	544
720.976	0.393	L	1340352	1340744	979.1	593.0	720
721.639	3.069	R	1341015	1344083	953.2	567.9	513
721.517	3.192	L	1340893	1344084	985.9	576.7	655
724.745	0.142	L	1344121	1344262	730.5	600.0	662
724.746	0.142	R	1344122	1344263	679.0	565.3	539
724.959	0.03	R	1344335	1344364	1270.4	618.8	544
724.958	0.032	L	1344334	1344365	1265.1	627.7	682
725.015	0.189	R	1344391	1344579	1496.8	591.7	565
725.016	0.189	L	1344392	1344580	1491.6	613.8	719
725.23	0.086	R	1344606	1344691	1291.6	601.1	580
725.231	0.139	L	1344607	1344745	1290.3	596.5	781
725.395	0.294	L	1344771	1345064	1150.0	577.8	832
725.429	0.26	R	1344805	1345064	1132.2	563.5	616
725.833	0.314	L	1345209	1345522	1134.2	565.7	871
725.833	0.315	R	1345209	1345523	1123.1	531.9	628
726.173	0.608	R	1345549	1346156	950.3	541.9	642
726.173	1.214	L	1345549	1346762	959.0	525.6	925
726.906	0.481	R	1346282	1346762	922.5	565.5	629
727.402	1.026	L	1346778	1347803	966.6	549.9	927
727.405	1.023	R	1346781	1347803	943.0	546.7	645
728.465	0.222	R	1347841	1348062	702.4	576.2	641
728.463	0.225	L	1347839	1348063	736.7	572.0	876
728.744	0.299	L	1348120	1348418	1291.8	582.6	866
728.744	0.299	R	1348120	1348418	1286.1	573.9	647
729.062	0.297	L	1348438	1348734	1205.9	574.5	854
729.063	0.296	R	1348439	1348734	1187.5	542.5	656
729.501	0.329	L	1348877	1349205	1211.7	586.3	815
729.501	0.329	R	1348877	1349205	1194.9	553.4	632
729.858	0.141	R	1349234	1349374	981.5	540.9	661
729.858	0.143	L	1349234	1349376	1006.4	556.3	863
730.015	2.27	R	1349391	1351660	954.5	543.8	656
730.023	2.263	L	1349399	1351661	966.1	566.7	901
732.307	0.187	L	1351683	1351869	931.9	628.4	924
732.306	0.189	R	1351682	1351870	933.8	610.8	675
732.515	0.732	R	1351891	1352622	949.8	534.1	668
732.515	0.77	L	1351891	1352660	967.8	552.2	901
733.304	0.148	L	1352680	1352827	1009.6	548.8	906
733.297	0.155	R	1352673	1352827	991.2	543.3	655
733.469	2.626	L	1352845	1355470	971.6	562.9	889
733.468	2.627	R	1352844	1355470	944.0	538.2	661
736.145	0.888	L	1355521	1356408	361.4	582.1	855
736.147	0.886	R	1355523	1356408	329.8	512.1	818
